Timestamp,Lat,Lon,Heading,Dist,TargetAngle,L_Speed,R_Speed,Fix
2026-03-06 13:37:27,30.374696,130.959973,207.25,35.32,168.25,1.00,0.00,1
2026-03-06 13:37:27,30.374696,130.959973,207.31,35.32,168.25,1.00,0.00,1
2026-03-06 13:37:27,30.374696,130.959973,200.56,35.32,168.25,1.00,0.00,1
2026-03-06 13:37:27,30.374696,130.959973,196.88,35.32,168.25,1.00,0.00,1
2026-03-06 13:37:28,30.374695,130.959975,195.94,35.17,168.52,1.00,0.00,1
2026-03-06 13:37:28,30.374695,130.959975,195.94,35.17,168.52,1.00,0.00,1
2026-03-06 13:37:28,30.374695,130.959975,197.00,35.17,168.52,1.00,0.00,1
2026-03-06 13:37:28,30.374695,130.959975,196.31,35.17,168.52,1.00,0.00,1
2026-03-06 13:37:29,30.374695,130.959973,204.19,35.21,168.21,1.00,0.00,1
2026-03-06 13:37:29,30.374695,130.959973,252.38,35.21,168.21,1.00,0.00,1
2026-03-06 13:37:29,30.374695,130.959973,256.25,35.21,168.21,1.00,0.00,1
2026-03-06 13:37:29,30.374695,130.959973,219.31,35.21,168.21,1.00,0.00,1
2026-03-06 13:37:30,30.374695,130.959973,170.00,35.21,168.21,1.00,1.00,1
2026-03-06 13:37:30,30.374695,130.959973,150.69,35.21,168.21,0.00,1.00,1
2026-03-06 13:37:30,30.374695,130.959973,150.94,35.21,168.21,0.00,1.00,1
2026-03-06 13:37:30,30.374695,130.959973,147.62,35.21,168.21,0.00,1.00,1
2026-03-06 13:37:31,30.374695,130.959973,132.31,35.21,168.21,0.00,1.00,1
2026-03-06 13:37:31,30.374695,130.959973,82.25,35.21,168.21,0.00,1.00,1
2026-03-06 13:37:31,30.374695,130.959973,40.94,35.21,168.21,0.00,1.00,1
2026-03-06 13:37:31,30.374695,130.959973,45.06,35.21,168.21,0.00,1.00,1
2026-03-06 13:37:31,30.374695,130.959973,61.00,35.21,168.21,0.00,1.00,1
2026-03-06 13:37:32,30.374696,130.959976,74.12,35.26,168.70,0.00,1.00,1
2026-03-06 13:37:32,30.374696,130.959976,85.44,35.26,168.70,0.00,1.00,1
2026-03-06 13:37:32,30.374696,130.959976,100.94,35.26,168.70,0.00,1.00,1
2026-03-06 13:37:32,30.374696,130.959976,113.00,35.26,168.70,0.00,1.00,1
2026-03-06 13:37:33,30.3747,130.95998,123.75,35.63,169.45,0.00,1.00,1
2026-03-06 13:37:33,30.3747,130.95998,131.19,35.63,169.45,0.00,1.00,1
2026-03-06 13:37:33,30.3747,130.95998,140.06,35.63,169.45,0.00,1.00,1
2026-03-06 13:37:33,30.3747,130.95998,151.69,35.63,169.45,0.00,1.00,1
2026-03-06 13:37:34,30.374703,130.959981,161.00,35.94,169.70,1.00,1.00,1
2026-03-06 13:37:34,30.374703,130.959981,162.56,35.94,169.70,1.00,1.00,1
2026-03-06 13:37:34,30.374703,130.959981,163.56,35.94,169.70,1.00,1.00,1
2026-03-06 13:37:34,30.374703,130.959981,162.94,35.94,169.70,1.00,1.00,1
2026-03-06 13:37:35,30.374703,130.95998,166.06,35.96,169.55,1.00,1.00,1
2026-03-06 13:37:35,30.374703,130.95998,163.94,35.96,169.55,1.00,1.00,1
2026-03-06 13:37:35,30.374703,130.95998,166.38,35.96,169.55,1.00,1.00,1
2026-03-06 13:37:35,30.374703,130.95998,173.31,35.96,169.55,1.00,1.00,1
2026-03-06 13:37:36,30.374703,130.959981,174.19,35.94,169.70,1.00,1.00,1
2026-03-06 13:37:36,30.374703,130.959981,172.00,35.94,169.70,1.00,1.00,1
2026-03-06 13:37:36,30.374703,130.959981,175.94,35.94,169.70,1.00,1.00,1
2026-03-06 13:37:36,30.374703,130.959981,177.12,35.94,169.70,1.00,1.00,1
2026-03-06 13:37:37,30.374703,130.959981,179.88,35.94,169.70,1.00,0.00,1
2026-03-06 13:37:37,30.374703,130.959981,169.06,35.94,169.70,1.00,1.00,1
2026-03-06 13:37:37,30.374703,130.959981,169.38,35.94,169.70,1.00,1.00,1
2026-03-06 13:37:37,30.374703,130.959981,170.62,35.94,169.70,1.00,1.00,1
2026-03-06 13:37:38,30.374703,130.959981,169.50,35.94,169.70,1.00,1.00,1
2026-03-06 13:37:38,30.374703,130.959981,169.69,35.94,169.70,1.00,1.00,1
2026-03-06 13:37:38,30.374703,130.959981,170.44,35.94,169.70,1.00,1.00,1
2026-03-06 13:37:38,30.374703,130.959981,169.94,35.94,169.70,1.00,1.00,1
2026-03-06 13:37:38,30.374703,130.959981,174.56,35.94,169.70,1.00,1.00,1
2026-03-06 13:37:39,30.374701,130.959981,174.44,35.72,169.63,1.00,1.00,1
2026-03-06 13:37:39,30.374701,130.959981,173.62,35.72,169.63,1.00,1.00,1
2026-03-06 13:37:39,30.374701,130.959981,171.88,35.72,169.63,1.00,1.00,1
2026-03-06 13:37:39,30.374701,130.959981,173.62,35.72,169.63,1.00,1.00,1
2026-03-06 13:37:40,30.374701,130.959981,176.69,35.72,169.63,1.00,1.00,1
2026-03-06 13:37:40,30.374701,130.959981,178.88,35.72,169.63,1.00,1.00,1
2026-03-06 13:37:40,30.374701,130.959981,183.50,35.72,169.63,1.00,0.00,1
2026-03-06 13:37:40,30.374701,130.959981,174.81,35.72,169.63,1.00,1.00,1
2026-03-06 13:37:41,30.374701,130.959981,173.38,35.72,169.63,1.00,1.00,1
2026-03-06 13:37:41,30.374701,130.959981,175.19,35.72,169.63,1.00,1.00,1
2026-03-06 13:37:41,30.374701,130.959981,176.62,35.72,169.63,1.00,1.00,1
2026-03-06 13:37:41,30.374701,130.959981,179.31,35.72,169.63,1.00,1.00,1
2026-03-06 13:37:42,30.374701,130.959981,182.19,35.72,169.63,1.00,0.00,1
2026-03-06 13:37:42,30.374701,130.959981,168.56,35.72,169.63,1.00,1.00,1
2026-03-06 13:37:42,30.374701,130.959981,163.44,35.72,169.63,1.00,1.00,1
2026-03-06 13:37:42,30.374701,130.959981,166.81,35.72,169.63,1.00,1.00,1
2026-03-06 13:37:43,30.374701,130.959981,170.06,35.72,169.63,1.00,1.00,1
2026-03-06 13:37:43,30.374701,130.959981,171.19,35.72,169.63,1.00,1.00,1
2026-03-06 13:37:43,30.374701,130.959981,173.81,35.72,169.63,1.00,1.00,1
2026-03-06 13:37:43,30.374701,130.959981,175.00,35.72,169.63,1.00,1.00,1
2026-03-06 13:37:44,30.374701,130.959981,175.81,35.72,169.63,1.00,1.00,1
2026-03-06 13:37:44,30.374701,130.959981,178.00,35.72,169.63,1.00,1.00,1
2026-03-06 13:37:44,30.374701,130.959981,179.94,35.72,169.63,1.00,0.00,1
2026-03-06 13:37:44,30.374701,130.959981,173.00,35.72,169.63,1.00,1.00,1
2026-03-06 13:37:45,30.374701,130.959981,173.69,35.72,169.63,1.00,1.00,1
2026-03-06 13:37:45,30.374701,130.959981,180.06,35.72,169.63,1.00,0.00,1
2026-03-06 13:37:45,30.374701,130.959981,170.31,35.72,169.63,1.00,1.00,1
2026-03-06 13:37:45,30.374701,130.959981,168.44,35.72,169.63,1.00,1.00,1
2026-03-06 13:37:46,30.374701,130.959981,170.75,35.72,169.63,1.00,1.00,1
2026-03-06 13:37:46,30.374701,130.959981,172.75,35.72,169.63,1.00,1.00,1
2026-03-06 13:37:46,30.374701,130.959981,173.12,35.72,169.63,1.00,1.00,1
2026-03-06 13:37:46,30.374701,130.959981,173.69,35.72,169.63,1.00,1.00,1
2026-03-06 13:37:47,30.3747,130.959983,176.00,35.58,169.91,1.00,1.00,1
2026-03-06 13:37:47,30.3747,130.959983,179.50,35.58,169.91,1.00,1.00,1
2026-03-06 13:37:47,30.3747,130.959983,179.06,35.58,169.91,1.00,1.00,1
2026-03-06 13:37:47,30.3747,130.959983,180.62,35.58,169.91,1.00,0.00,1
2026-03-06 13:37:48,30.3747,130.959983,168.00,35.58,169.91,1.00,1.00,1
2026-03-06 13:37:48,30.3747,130.959983,166.56,35.58,169.91,1.00,1.00,1
2026-03-06 13:37:48,30.3747,130.959983,170.38,35.58,169.91,1.00,1.00,1
2026-03-06 13:37:48,30.3747,130.959983,168.94,35.58,169.91,1.00,1.00,1
2026-03-06 13:37:49,30.3747,130.959983,169.81,35.58,169.91,1.00,1.00,1
2026-03-06 13:37:49,30.3747,130.959983,171.38,35.58,169.91,1.00,1.00,1
2026-03-06 13:37:49,30.3747,130.959983,172.94,35.58,169.91,1.00,1.00,1
2026-03-06 13:37:49,30.3747,130.959983,173.75,35.58,169.91,1.00,1.00,1
2026-03-06 13:37:50,30.3747,130.959983,179.56,35.58,169.91,1.00,1.00,1
2026-03-06 13:37:50,30.3747,130.959983,179.12,35.58,169.91,1.00,1.00,1
2026-03-06 13:37:50,30.3747,130.959983,178.62,35.58,169.91,1.00,1.00,1
2026-03-06 13:37:50,30.3747,130.959983,181.31,35.58,169.91,1.00,0.00,1
2026-03-06 13:37:51,30.3747,130.959983,174.62,35.58,169.91,1.00,1.00,1
2026-03-06 13:37:51,30.3747,130.959983,176.19,35.58,169.91,1.00,1.00,1
2026-03-06 13:37:51,30.3747,130.959983,181.81,35.58,169.91,1.00,0.00,1
2026-03-06 13:37:51,30.3747,130.959983,171.94,35.58,169.91,1.00,1.00,1
2026-03-06 13:37:52,30.3747,130.959983,170.94,35.58,169.91,1.00,1.00,1
2026-03-06 13:37:52,30.3747,130.959983,171.12,35.58,169.91,1.00,1.00,1
2026-03-06 13:37:52,30.3747,130.959983,173.38,35.58,169.91,1.00,1.00,1
2026-03-06 13:37:52,30.3747,130.959983,173.19,35.58,169.91,1.00,1.00,1
2026-03-06 13:37:53,30.3747,130.959983,178.94,35.58,169.91,1.00,1.00,1
2026-03-06 13:37:53,30.3747,130.959983,183.88,35.58,169.91,1.00,0.00,1
2026-03-06 13:37:53,30.3747,130.959983,175.38,35.58,169.91,1.00,1.00,1
2026-03-06 13:37:53,30.3747,130.959983,175.81,35.58,169.91,1.00,1.00,1
2026-03-06 13:37:54,30.3747,130.959983,178.44,35.58,169.91,1.00,1.00,1
2026-03-06 13:37:54,30.3747,130.959983,180.12,35.58,169.91,1.00,0.00,1
2026-03-06 13:37:54,30.3747,130.959983,172.50,35.58,169.91,1.00,1.00,1
2026-03-06 13:37:54,30.3747,130.959983,173.62,35.58,169.91,1.00,1.00,1
2026-03-06 13:37:55,30.3747,130.959985,178.88,35.54,170.21,1.00,1.00,1
2026-03-06 13:37:55,30.3747,130.959985,183.69,35.54,170.21,1.00,0.00,1
2026-03-06 13:37:55,30.3747,130.959985,175.25,35.54,170.21,1.00,1.00,1
2026-03-06 13:37:55,30.3747,130.959985,176.31,35.54,170.21,1.00,1.00,1
2026-03-06 13:37:56,30.3747,130.959985,179.69,35.54,170.21,1.00,1.00,1
2026-03-06 13:37:56,30.3747,130.959985,182.88,35.54,170.21,1.00,0.00,1
2026-03-06 13:37:56,30.3747,130.959985,176.44,35.54,170.21,1.00,1.00,1
2026-03-06 13:37:56,30.3747,130.959985,177.00,35.54,170.21,1.00,1.00,1
2026-03-06 13:37:57,30.3747,130.959985,175.31,35.54,170.21,1.00,1.00,1
2026-03-06 13:37:57,30.3747,130.959985,179.44,35.54,170.21,1.00,1.00,1
2026-03-06 13:37:57,30.3747,130.959985,184.69,35.54,170.21,1.00,0.00,1
2026-03-06 13:37:57,30.3747,130.959985,174.25,35.54,170.21,1.00,1.00,1
2026-03-06 13:37:58,30.374698,130.959985,172.88,35.32,170.15,1.00,1.00,1
2026-03-06 13:37:58,30.374698,130.959985,174.50,35.32,170.15,1.00,1.00,1
2026-03-06 13:37:58,30.374698,130.959985,177.88,35.32,170.15,1.00,1.00,1
2026-03-06 13:37:58,30.374698,130.959985,175.81,35.32,170.15,1.00,1.00,1
2026-03-06 13:37:59,30.374698,130.959985,177.81,35.32,170.15,1.00,1.00,1
2026-03-06 13:37:59,30.374698,130.959985,182.19,35.32,170.15,1.00,0.00,1
2026-03-06 13:37:59,30.374698,130.959985,173.19,35.32,170.15,1.00,1.00,1
2026-03-06 13:37:59,30.374698,130.959985,173.81,35.32,170.15,1.00,1.00,1
2026-03-06 13:38:00,30.374698,130.959985,171.44,35.32,170.15,1.00,1.00,1
2026-03-06 13:38:00,30.374698,130.959985,171.12,35.32,170.15,1.00,1.00,1
2026-03-06 13:38:00,30.374698,130.959985,171.38,35.32,170.15,1.00,1.00,1
2026-03-06 13:38:00,30.374698,130.959985,174.44,35.32,170.15,1.00,1.00,1
2026-03-06 13:38:01,30.374698,130.959985,177.31,35.32,170.15,1.00,1.00,1
2026-03-06 13:38:01,30.374698,130.959985,179.25,35.32,170.15,1.00,1.00,1
2026-03-06 13:38:01,30.374698,130.959985,178.19,35.32,170.15,1.00,1.00,1
2026-03-06 13:38:01,30.374698,130.959985,179.00,35.32,170.15,1.00,1.00,1
2026-03-06 13:38:02,30.374698,130.959985,179.50,35.32,170.15,1.00,1.00,1
2026-03-06 13:38:02,30.374698,130.959985,182.50,35.32,170.15,1.00,0.00,1
2026-03-06 13:38:02,30.374698,130.959985,174.06,35.32,170.15,1.00,1.00,1
2026-03-06 13:38:02,30.374698,130.959985,176.44,35.32,170.15,1.00,1.00,1
2026-03-06 13:38:03,30.374698,130.959985,178.31,35.32,170.15,1.00,1.00,1
2026-03-06 13:38:03,30.374698,130.959985,178.31,35.32,170.15,1.00,1.00,1
2026-03-06 13:38:03,30.374698,130.959985,176.56,35.32,170.15,1.00,1.00,1
2026-03-06 13:38:03,30.374698,130.959985,176.19,35.32,170.15,1.00,1.00,1
2026-03-06 13:38:04,30.374698,130.959985,176.19,35.32,170.15,1.00,1.00,1
2026-03-06 13:38:04,30.374698,130.959985,181.12,35.32,170.15,1.00,0.00,1
2026-03-06 13:38:04,30.374698,130.959985,174.44,35.32,170.15,1.00,1.00,1
2026-03-06 13:38:04,30.374698,130.959985,170.94,35.32,170.15,1.00,1.00,1
2026-03-06 13:38:05,30.374698,130.959985,173.31,35.32,170.15,1.00,1.00,1
2026-03-06 13:38:05,30.374698,130.959985,175.69,35.32,170.15,1.00,1.00,1
2026-03-06 13:38:05,30.374698,130.959985,177.69,35.32,170.15,1.00,1.00,1
2026-03-06 13:38:05,30.374698,130.959985,177.00,35.32,170.15,1.00,1.00,1
2026-03-06 13:38:06,30.374698,130.959985,181.69,35.32,170.15,1.00,0.00,1
2026-03-06 13:38:06,30.374696,130.959985,174.25,35.11,170.09,1.00,1.00,1
2026-03-06 13:38:06,30.374696,130.959985,170.38,35.11,170.09,1.00,1.00,1
2026-03-06 13:38:06,30.374696,130.959985,172.81,35.11,170.09,1.00,1.00,1
2026-03-06 13:38:06,30.374696,130.959985,174.00,35.11,170.09,1.00,1.00,1
2026-03-06 13:38:07,30.374696,130.959986,177.12,35.09,170.24,1.00,1.00,1
2026-03-06 13:38:07,30.374696,130.959986,182.31,35.09,170.24,1.00,0.00,1
2026-03-06 13:38:07,30.374696,130.959986,172.50,35.09,170.24,1.00,1.00,1
2026-03-06 13:38:07,30.374696,130.959986,172.69,35.09,170.24,1.00,1.00,1
2026-03-06 13:38:08,30.374696,130.959986,172.31,35.09,170.24,1.00,1.00,1
2026-03-06 13:38:08,30.374696,130.959986,172.06,35.09,170.24,1.00,1.00,1
2026-03-06 13:38:08,30.374696,130.959986,172.25,35.09,170.24,1.00,1.00,1
2026-03-06 13:38:08,30.374696,130.959986,173.12,35.09,170.24,1.00,1.00,1
2026-03-06 13:38:08,30.374696,130.959986,176.62,35.09,170.24,1.00,1.00,1
2026-03-06 13:38:09,30.374696,130.959986,179.38,35.09,170.24,1.00,1.00,1
2026-03-06 13:38:09,30.374696,130.959986,185.38,35.09,170.24,1.00,0.00,1
2026-03-06 13:38:09,30.374696,130.959986,175.25,35.09,170.24,1.00,1.00,1
2026-03-06 13:38:09,30.374696,130.959986,173.88,35.09,170.24,1.00,1.00,1
2026-03-06 13:38:10,30.374696,130.959986,174.38,35.09,170.24,1.00,1.00,1
2026-03-06 13:38:10,30.374696,130.959986,179.94,35.09,170.24,1.00,1.00,1
2026-03-06 13:38:10,30.374696,130.959986,185.06,35.09,170.24,1.00,0.00,1
2026-03-06 13:38:10,30.374696,130.959986,178.06,35.09,170.24,1.00,1.00,1
2026-03-06 13:38:11,30.374696,130.959986,178.56,35.09,170.24,1.00,1.00,1
2026-03-06 13:38:11,30.374696,130.959986,176.88,35.09,170.24,1.00,1.00,1
2026-03-06 13:38:11,30.374696,130.959986,179.75,35.09,170.24,1.00,1.00,1
2026-03-06 13:38:11,30.374696,130.959986,183.44,35.09,170.24,1.00,0.00,1
2026-03-06 13:38:12,30.374696,130.959986,176.25,35.09,170.24,1.00,1.00,1
2026-03-06 13:38:12,30.374696,130.959986,173.56,35.09,170.24,1.00,1.00,1
2026-03-06 13:38:12,30.374696,130.959986,177.88,35.09,170.24,1.00,1.00,1
2026-03-06 13:38:12,30.374696,130.959986,180.06,35.09,170.24,1.00,1.00,1
2026-03-06 13:38:12,30.374696,130.959986,180.62,35.09,170.24,1.00,0.00,1
2026-03-06 13:38:13,30.374696,130.959986,174.12,35.09,170.24,1.00,1.00,1
2026-03-06 13:38:13,30.374696,130.959986,170.94,35.09,170.24,1.00,1.00,1
2026-03-06 13:38:13,30.374696,130.959986,172.94,35.09,170.24,1.00,1.00,1
2026-03-06 13:38:13,30.374696,130.959986,175.81,35.09,170.24,1.00,1.00,1
2026-03-06 13:38:14,30.374695,130.959986,176.94,34.98,170.21,1.00,1.00,1
2026-03-06 13:38:14,30.374695,130.959986,178.56,34.98,170.21,1.00,1.00,1
2026-03-06 13:38:14,30.374695,130.959986,178.19,34.98,170.21,1.00,1.00,1
2026-03-06 13:38:14,30.374695,130.959986,182.00,34.98,170.21,1.00,0.00,1
2026-03-06 13:38:15,30.374695,130.959986,172.38,34.98,170.21,1.00,1.00,1
2026-03-06 13:38:15,30.374695,130.959986,171.44,34.98,170.21,1.00,1.00,1
2026-03-06 13:38:15,30.374695,130.959986,173.12,34.98,170.21,1.00,1.00,1
2026-03-06 13:38:15,30.374695,130.959986,176.25,34.98,170.21,1.00,1.00,1
2026-03-06 13:38:16,30.374695,130.959986,177.75,34.98,170.21,1.00,1.00,1
2026-03-06 13:38:16,30.374695,130.959988,177.25,34.95,170.52,1.00,1.00,1
2026-03-06 13:38:16,30.374695,130.959988,175.94,34.95,170.52,1.00,1.00,1
2026-03-06 13:38:16,30.374695,130.959988,173.00,34.95,170.52,1.00,1.00,1
2026-03-06 13:38:16,30.374695,130.959988,178.25,34.95,170.52,1.00,1.00,1
2026-03-06 13:38:17,30.374695,130.959988,182.31,34.95,170.52,1.00,0.00,1
2026-03-06 13:38:17,30.374695,130.959988,178.75,34.95,170.52,1.00,1.00,1
2026-03-06 13:38:17,30.374695,130.959988,178.12,34.95,170.52,1.00,1.00,1
2026-03-06 13:38:17,30.374695,130.959988,179.56,34.95,170.52,1.00,1.00,1
2026-03-06 13:38:18,30.374695,130.959988,182.25,34.95,170.52,1.00,0.00,1
2026-03-06 13:38:18,30.374695,130.959988,174.44,34.95,170.52,1.00,1.00,1
2026-03-06 13:38:18,30.374695,130.959988,173.56,34.95,170.52,1.00,1.00,1
2026-03-06 13:38:18,30.374695,130.959988,174.81,34.95,170.52,1.00,1.00,1
2026-03-06 13:38:18,30.374695,130.959988,178.62,34.95,170.52,1.00,1.00,1
2026-03-06 13:38:19,30.374693,130.959988,178.00,34.73,170.46,1.00,1.00,1
2026-03-06 13:38:19,30.374693,130.959988,175.62,34.73,170.46,1.00,1.00,1
2026-03-06 13:38:19,30.374693,130.959988,177.19,34.73,170.46,1.00,1.00,1
2026-03-06 13:38:19,30.374693,130.959988,180.62,34.73,170.46,1.00,0.00,1
2026-03-06 13:38:20,30.374693,130.959988,177.38,34.73,170.46,1.00,1.00,1
2026-03-06 13:38:20,30.374693,130.959988,176.50,34.73,170.46,1.00,1.00,1
2026-03-06 13:38:20,30.374693,130.959988,179.19,34.73,170.46,1.00,1.00,1
2026-03-06 13:38:20,30.374693,130.959988,185.31,34.73,170.46,1.00,0.00,1
2026-03-06 13:38:20,30.374693,130.959988,175.00,34.73,170.46,1.00,1.00,1
2026-03-06 13:38:21,30.374693,130.959988,173.19,34.73,170.46,1.00,1.00,1
2026-03-06 13:38:21,30.374693,130.959988,174.69,34.73,170.46,1.00,1.00,1
2026-03-06 13:38:21,30.374693,130.959988,179.88,34.73,170.46,1.00,1.00,1
2026-03-06 13:38:21,30.374693,130.959988,180.00,34.73,170.46,1.00,1.00,1
2026-03-06 13:38:22,30.374693,130.959988,181.06,34.73,170.46,1.00,0.00,1
2026-03-06 13:38:22,30.374693,130.959988,177.81,34.73,170.46,1.00,1.00,1
2026-03-06 13:38:22,30.374693,130.959988,172.81,34.73,170.46,1.00,1.00,1
2026-03-06 13:38:22,30.374693,130.959988,176.00,34.73,170.46,1.00,1.00,1
2026-03-06 13:38:22,30.374693,130.959988,179.38,34.73,170.46,1.00,1.00,1
2026-03-06 13:38:23,30.374693,130.959988,182.69,34.73,170.46,1.00,0.00,1
2026-03-06 13:38:23,30.374693,130.959988,171.88,34.73,170.46,1.00,1.00,1
2026-03-06 13:38:23,30.374693,130.959988,170.81,34.73,170.46,1.00,1.00,1
2026-03-06 13:38:23,30.374693,130.959988,172.81,34.73,170.46,1.00,1.00,1
2026-03-06 13:38:24,30.374693,130.959988,174.12,34.73,170.46,1.00,1.00,1
2026-03-06 13:38:24,30.374693,130.959988,173.94,34.73,170.46,1.00,1.00,1
2026-03-06 13:38:24,30.374693,130.959988,175.44,34.73,170.46,1.00,1.00,1
2026-03-06 13:38:24,30.374693,130.959988,177.81,34.73,170.46,1.00,1.00,1
2026-03-06 13:38:25,30.374693,130.959988,183.94,34.73,170.46,1.00,0.00,1
2026-03-06 13:38:25,30.374693,130.959988,174.94,34.73,170.46,1.00,1.00,1
2026-03-06 13:38:25,30.374693,130.959988,174.50,34.73,170.46,1.00,1.00,1
2026-03-06 13:38:25,30.374693,130.959988,176.44,34.73,170.46,1.00,1.00,1
2026-03-06 13:38:26,30.374691,130.959988,177.62,34.51,170.40,1.00,1.00,1
2026-03-06 13:38:26,30.374691,130.959988,177.81,34.51,170.40,1.00,1.00,1
2026-03-06 13:38:26,30.374691,130.959988,180.62,34.51,170.40,1.00,0.00,1
2026-03-06 13:38:26,30.374691,130.959988,176.31,34.51,170.40,1.00,1.00,1
2026-03-06 13:38:27,30.374691,130.959988,174.25,34.51,170.40,1.00,1.00,1
2026-03-06 13:38:27,30.374691,130.959988,176.69,34.51,170.40,1.00,1.00,1
2026-03-06 13:38:27,30.374691,130.959988,177.62,34.51,170.40,1.00,1.00,1
2026-03-06 13:38:27,30.374691,130.959988,178.12,34.51,170.40,1.00,1.00,1
2026-03-06 13:38:27,30.374691,130.959988,180.06,34.51,170.40,1.00,1.00,1
2026-03-06 13:38:28,30.374691,130.959988,182.50,34.51,170.40,1.00,0.00,1
2026-03-06 13:38:28,30.374691,130.959988,178.88,34.51,170.40,1.00,1.00,1
2026-03-06 13:38:28,30.374691,130.959988,178.81,34.51,170.40,1.00,1.00,1
2026-03-06 13:38:28,30.374691,130.959988,182.12,34.51,170.40,1.00,0.00,1
2026-03-06 13:38:29,30.374691,130.959988,170.69,34.51,170.40,1.00,1.00,1
2026-03-06 13:38:29,30.374691,130.959988,171.00,34.51,170.40,1.00,1.00,1
2026-03-06 13:38:29,30.374691,130.959988,174.88,34.51,170.40,1.00,1.00,1
2026-03-06 13:38:29,30.374691,130.959988,178.31,34.51,170.40,1.00,1.00,1
2026-03-06 13:38:30,30.374691,130.959988,181.69,34.51,170.40,1.00,0.00,1
2026-03-06 13:38:30,30.374691,130.959988,173.62,34.51,170.40,1.00,1.00,1
2026-03-06 13:38:30,30.374691,130.959988,170.06,34.51,170.40,1.00,1.00,1
2026-03-06 13:38:30,30.374691,130.959988,170.12,34.51,170.40,1.00,1.00,1
2026-03-06 13:38:30,30.374691,130.959988,172.19,34.51,170.40,1.00,1.00,1
2026-03-06 13:38:31,30.374691,130.959988,175.75,34.51,170.40,1.00,1.00,1
2026-03-06 13:38:31,30.374691,130.959988,178.44,34.51,170.40,1.00,1.00,1
2026-03-06 13:38:31,30.374691,130.959988,180.06,34.51,170.40,1.00,1.00,1
2026-03-06 13:38:31,30.374691,130.959988,180.44,34.51,170.40,1.00,0.00,1
2026-03-06 13:38:32,30.37469,130.959988,169.12,34.40,170.37,1.00,1.00,1
2026-03-06 13:38:32,30.37469,130.959988,165.62,34.40,170.37,1.00,1.00,1
2026-03-06 13:38:32,30.37469,130.959988,164.75,34.40,170.37,1.00,1.00,1
2026-03-06 13:38:32,30.37469,130.959988,167.62,34.40,170.37,1.00,1.00,1
2026-03-06 13:38:33,30.37469,130.959988,170.38,34.40,170.37,1.00,1.00,1
2026-03-06 13:38:33,30.37469,130.959988,172.06,34.40,170.37,1.00,1.00,1
2026-03-06 13:38:33,30.37469,130.959988,173.25,34.40,170.37,1.00,1.00,1
2026-03-06 13:38:33,30.37469,130.959988,172.19,34.40,170.37,1.00,1.00,1
2026-03-06 13:38:34,30.37469,130.959988,173.06,34.40,170.37,1.00,1.00,1
2026-03-06 13:38:34,30.37469,130.959988,175.31,34.40,170.37,1.00,1.00,1
2026-03-06 13:38:34,30.37469,130.959988,177.94,34.40,170.37,1.00,1.00,1
2026-03-06 13:38:34,30.37469,130.959988,179.88,34.40,170.37,1.00,1.00,1
2026-03-06 13:38:35,30.37469,130.959988,178.69,34.40,170.37,1.00,1.00,1
2026-03-06 13:38:35,30.37469,130.959988,178.88,34.40,170.37,1.00,1.00,1
2026-03-06 13:38:35,30.37469,130.959988,178.81,34.40,170.37,1.00,1.00,1
2026-03-06 13:38:35,30.37469,130.959988,181.56,34.40,170.37,1.00,0.00,1
2026-03-06 13:38:36,30.37469,130.959988,175.62,34.40,170.37,1.00,1.00,1
2026-03-06 13:38:36,30.37469,130.959988,173.12,34.40,170.37,1.00,1.00,1
2026-03-06 13:38:36,30.37469,130.959988,175.50,34.40,170.37,1.00,1.00,1
2026-03-06 13:38:36,30.37469,130.959988,176.25,34.40,170.37,1.00,1.00,1
2026-03-06 13:38:37,30.37469,130.959988,176.50,34.40,170.37,1.00,1.00,1
2026-03-06 13:38:37,30.37469,130.959988,177.12,34.40,170.37,1.00,1.00,1
2026-03-06 13:38:37,30.37469,130.959988,177.44,34.40,170.37,1.00,1.00,1
2026-03-06 13:38:37,30.37469,130.959988,176.00,34.40,170.37,1.00,1.00,1
2026-03-06 13:38:38,30.37469,130.959988,181.62,34.40,170.37,1.00,0.00,1
2026-03-06 13:38:38,30.374688,130.959988,177.00,34.18,170.31,1.00,1.00,1
2026-03-06 13:38:38,30.374688,130.959988,175.19,34.18,170.31,1.00,1.00,1
2026-03-06 13:38:38,30.374688,130.959988,175.69,34.18,170.31,1.00,1.00,1
2026-03-06 13:38:38,30.374688,130.959988,179.81,34.18,170.31,1.00,1.00,1
2026-03-06 13:38:39,30.374688,130.959988,183.94,34.18,170.31,1.00,0.00,1
2026-03-06 13:38:39,30.374688,130.959988,178.38,34.18,170.31,1.00,1.00,1
2026-03-06 13:38:39,30.374688,130.959988,179.00,34.18,170.31,1.00,1.00,1
2026-03-06 13:38:39,30.374688,130.959988,180.06,34.18,170.31,1.00,1.00,1
2026-03-06 13:38:40,30.374688,130.959988,182.44,34.18,170.31,1.00,0.00,1
2026-03-06 13:38:40,30.374688,130.959988,174.06,34.18,170.31,1.00,1.00,1
2026-03-06 13:38:40,30.374688,130.959988,172.81,34.18,170.31,1.00,1.00,1
2026-03-06 13:38:40,30.374688,130.959988,176.12,34.18,170.31,1.00,1.00,1
2026-03-06 13:38:41,30.374688,130.959988,179.50,34.18,170.31,1.00,1.00,1
2026-03-06 13:38:41,30.374688,130.959988,182.12,34.18,170.31,1.00,0.00,1
2026-03-06 13:38:41,30.374688,130.959988,171.81,34.18,170.31,1.00,1.00,1
2026-03-06 13:38:41,30.374688,130.959988,170.38,34.18,170.31,1.00,1.00,1
2026-03-06 13:38:42,30.374688,130.959988,172.94,34.18,170.31,1.00,1.00,1
2026-03-06 13:38:42,30.374688,130.959988,174.19,34.18,170.31,1.00,1.00,1
2026-03-06 13:38:42,30.374688,130.959988,176.19,34.18,170.31,1.00,1.00,1
2026-03-06 13:38:42,30.374688,130.959988,178.38,34.18,170.31,1.00,1.00,1
2026-03-06 13:38:43,30.374688,130.959988,180.06,34.18,170.31,1.00,1.00,1
2026-03-06 13:38:43,30.374688,130.959988,183.88,34.18,170.31,1.00,0.00,1
2026-03-06 13:38:43,30.374688,130.959988,176.06,34.18,170.31,1.00,1.00,1
2026-03-06 13:38:43,30.374688,130.959988,176.31,34.18,170.31,1.00,1.00,1
2026-03-06 13:38:43,30.374688,130.959988,179.44,34.18,170.31,1.00,1.00,1
2026-03-06 13:38:44,30.374686,130.959988,179.00,33.96,170.24,1.00,1.00,1
2026-03-06 13:38:44,30.374686,130.959988,180.38,33.96,170.24,1.00,0.00,1
2026-03-06 13:38:44,30.374686,130.959988,173.62,33.96,170.24,1.00,1.00,1
2026-03-06 13:38:44,30.374686,130.959988,174.38,33.96,170.24,1.00,1.00,1
2026-03-06 13:38:45,30.374686,130.959988,178.44,33.96,170.24,1.00,1.00,1
2026-03-06 13:38:45,30.374686,130.959988,177.38,33.96,170.24,1.00,1.00,1
2026-03-06 13:38:45,30.374686,130.959988,177.56,33.96,170.24,1.00,1.00,1
2026-03-06 13:38:45,30.374686,130.959988,179.81,33.96,170.24,1.00,1.00,1
2026-03-06 13:38:46,30.374686,130.959988,181.25,33.96,170.24,1.00,0.00,1
2026-03-06 13:38:46,30.374686,130.959988,171.81,33.96,170.24,1.00,1.00,1
2026-03-06 13:38:46,30.374686,130.959988,173.88,33.96,170.24,1.00,1.00,1
2026-03-06 13:38:46,30.374686,130.959988,174.44,33.96,170.24,1.00,1.00,1
2026-03-06 13:38:47,30.374686,130.959988,178.50,33.96,170.24,1.00,1.00,1
2026-03-06 13:38:47,30.374686,130.959988,182.25,33.96,170.24,1.00,0.00,1
2026-03-06 13:38:47,30.374686,130.959988,170.25,33.96,170.24,1.00,1.00,1
2026-03-06 13:38:47,30.374686,130.959988,167.56,33.96,170.24,1.00,1.00,1
2026-03-06 13:38:48,30.374686,130.95999,168.06,33.93,170.56,1.00,1.00,1
2026-03-06 13:38:48,30.374686,130.95999,166.56,33.93,170.56,1.00,1.00,1
2026-03-06 13:38:48,30.374686,130.95999,168.88,33.93,170.56,1.00,1.00,1
2026-03-06 13:38:48,30.374686,130.95999,169.06,33.93,170.56,1.00,1.00,1
2026-03-06 13:38:49,30.374686,130.95999,169.56,33.93,170.56,1.00,1.00,1
2026-03-06 13:38:49,30.374686,130.95999,172.12,33.93,170.56,1.00,1.00,1
2026-03-06 13:38:49,30.374686,130.95999,177.94,33.93,170.56,1.00,1.00,1
2026-03-06 13:38:49,30.374686,130.95999,181.06,33.93,170.56,1.00,0.00,1
2026-03-06 13:38:50,30.374686,130.95999,176.00,33.93,170.56,1.00,1.00,1
2026-03-06 13:38:50,30.374686,130.95999,176.94,33.93,170.56,1.00,1.00,1
2026-03-06 13:38:50,30.374686,130.95999,176.81,33.93,170.56,1.00,1.00,1
2026-03-06 13:38:50,30.374686,130.95999,178.19,33.93,170.56,1.00,1.00,1
2026-03-06 13:38:51,30.374686,130.95999,177.31,33.93,170.56,1.00,1.00,1
2026-03-06 13:38:51,30.374686,130.95999,175.19,33.93,170.56,1.00,1.00,1
2026-03-06 13:38:51,30.374686,130.95999,179.12,33.93,170.56,1.00,1.00,1
2026-03-06 13:38:51,30.374686,130.95999,183.31,33.93,170.56,1.00,0.00,1
2026-03-06 13:38:52,30.374685,130.95999,172.62,33.82,170.53,1.00,1.00,1
2026-03-06 13:38:52,30.374685,130.95999,170.56,33.82,170.53,1.00,1.00,1
2026-03-06 13:38:52,30.374685,130.95999,173.31,33.82,170.53,1.00,1.00,1
2026-03-06 13:38:52,30.374685,130.95999,175.44,33.82,170.53,1.00,1.00,1
2026-03-06 13:38:53,30.374685,130.95999,177.56,33.82,170.53,1.00,1.00,1
2026-03-06 13:38:53,30.374685,130.95999,178.69,33.82,170.53,1.00,1.00,1
2026-03-06 13:38:53,30.374685,130.95999,179.62,33.82,170.53,1.00,1.00,1
2026-03-06 13:38:53,30.374685,130.95999,181.31,33.82,170.53,1.00,0.00,1
2026-03-06 13:38:54,30.374685,130.95999,170.62,33.82,170.53,1.00,1.00,1
2026-03-06 13:38:54,30.374685,130.95999,165.94,33.82,170.53,1.00,1.00,1
2026-03-06 13:38:54,30.374685,130.95999,172.62,33.82,170.53,1.00,1.00,1
2026-03-06 13:38:54,30.374685,130.95999,174.25,33.82,170.53,1.00,1.00,1
2026-03-06 13:38:55,30.374685,130.95999,174.38,33.82,170.53,1.00,1.00,1
2026-03-06 13:38:55,30.374685,130.95999,173.81,33.82,170.53,1.00,1.00,1
2026-03-06 13:38:55,30.374685,130.95999,179.06,33.82,170.53,1.00,1.00,1
2026-03-06 13:38:55,30.374685,130.95999,180.62,33.82,170.53,1.00,0.00,1
2026-03-06 13:38:56,30.374685,130.95999,172.69,33.82,170.53,1.00,1.00,1
2026-03-06 13:38:56,30.374685,130.95999,171.31,33.82,170.53,1.00,1.00,1
2026-03-06 13:38:56,30.374685,130.95999,172.69,33.82,170.53,1.00,1.00,1
2026-03-06 13:38:56,30.374685,130.95999,172.94,33.82,170.53,1.00,1.00,1
2026-03-06 13:38:57,30.374685,130.95999,176.25,33.82,170.53,1.00,1.00,1
2026-03-06 13:38:57,30.374685,130.95999,179.62,33.82,170.53,1.00,1.00,1
2026-03-06 13:38:57,30.374685,130.95999,182.44,33.82,170.53,1.00,0.00,1
2026-03-06 13:38:57,30.374685,130.95999,178.12,33.82,170.53,1.00,1.00,1
2026-03-06 13:38:58,30.374685,130.95999,179.44,33.82,170.53,1.00,1.00,1
2026-03-06 13:38:58,30.374685,130.959991,181.44,33.80,170.69,1.00,0.00,1
2026-03-06 13:38:58,30.374685,130.959991,173.62,33.80,170.69,1.00,1.00,1
2026-03-06 13:38:58,30.374685,130.959991,174.12,33.80,170.69,1.00,1.00,1
2026-03-06 13:38:58,30.374685,130.959991,177.81,33.80,170.69,1.00,1.00,1
2026-03-06 13:38:59,30.374685,130.959991,179.50,33.80,170.69,1.00,1.00,1
2026-03-06 13:38:59,30.374685,130.959991,180.94,33.80,170.69,1.00,0.00,1
2026-03-06 13:38:59,30.374685,130.959991,169.94,33.80,170.69,1.00,1.00,1
2026-03-06 13:38:59,30.374685,130.959991,168.25,33.80,170.69,1.00,1.00,1
2026-03-06 13:39:00,30.374683,130.959991,167.56,33.58,170.63,1.00,1.00,1
2026-03-06 13:39:00,30.374683,130.959991,168.94,33.58,170.63,1.00,1.00,1
2026-03-06 13:39:00,30.374683,130.959991,170.88,33.58,170.63,1.00,1.00,1
2026-03-06 13:39:00,30.374683,130.959991,171.00,33.58,170.63,1.00,1.00,1
2026-03-06 13:39:01,30.374681,130.959993,172.31,33.33,170.89,1.00,1.00,1
2026-03-06 13:39:01,30.374681,130.959993,172.69,33.33,170.89,1.00,1.00,1
2026-03-06 13:39:01,30.374681,130.959993,176.19,33.33,170.89,1.00,1.00,1
2026-03-06 13:39:01,30.374681,130.959993,176.88,33.33,170.89,1.00,1.00,1
2026-03-06 13:39:02,30.374681,130.959995,183.31,33.30,171.22,1.00,0.00,1
2026-03-06 13:39:02,30.374681,130.959995,179.38,33.30,171.22,1.00,1.00,1
2026-03-06 13:39:02,30.374681,130.959995,180.62,33.30,171.22,1.00,1.00,1
2026-03-06 13:39:02,30.374681,130.959995,182.69,33.30,171.22,1.00,0.00,1
2026-03-06 13:39:03,30.374681,130.959995,174.56,33.30,171.22,1.00,1.00,1
2026-03-06 13:39:03,30.374681,130.959995,174.50,33.30,171.22,1.00,1.00,1
2026-03-06 13:39:03,30.374681,130.959995,174.75,33.30,171.22,1.00,1.00,1
2026-03-06 13:39:03,30.374681,130.959995,177.69,33.30,171.22,1.00,1.00,1
2026-03-06 13:39:04,30.37468,130.959996,177.88,33.18,171.35,1.00,1.00,1
2026-03-06 13:39:04,30.37468,130.959996,182.00,33.18,171.35,1.00,0.00,1
2026-03-06 13:39:04,30.37468,130.959996,176.75,33.18,171.35,1.00,1.00,1
2026-03-06 13:39:04,30.37468,130.959996,176.12,33.18,171.35,1.00,1.00,1
2026-03-06 13:39:05,30.37468,130.959996,177.31,33.18,171.35,1.00,1.00,1
2026-03-06 13:39:05,30.37468,130.959996,178.19,33.18,171.35,1.00,1.00,1
2026-03-06 13:39:05,30.37468,130.959996,183.06,33.18,171.35,1.00,0.00,1
2026-03-06 13:39:05,30.37468,130.959996,176.88,33.18,171.35,1.00,1.00,1
2026-03-06 13:39:06,30.374678,130.959998,178.12,32.93,171.62,1.00,1.00,1
2026-03-06 13:39:06,30.374678,130.959998,180.31,32.93,171.62,1.00,1.00,1
2026-03-06 13:39:06,30.374678,130.959998,181.38,32.93,171.62,1.00,1.00,1
2026-03-06 13:39:06,30.374678,130.959998,180.94,32.93,171.62,1.00,1.00,1
2026-03-06 13:39:07,30.374678,130.959998,184.38,32.93,171.62,1.00,0.00,1
2026-03-06 13:39:07,30.374678,130.959998,174.75,32.93,171.62,1.00,1.00,1
2026-03-06 13:39:07,30.374678,130.959998,175.06,32.93,171.62,1.00,1.00,1
2026-03-06 13:39:07,30.374678,130.959998,176.69,32.93,171.62,1.00,1.00,1
2026-03-06 13:39:08,30.374678,130.959998,181.00,32.93,171.62,1.00,1.00,1
2026-03-06 13:39:08,30.374678,130.959998,181.12,32.93,171.62,1.00,1.00,1
2026-03-06 13:39:08,30.374678,130.959998,183.50,32.93,171.62,1.00,0.00,1
2026-03-06 13:39:08,30.374678,130.959998,175.38,32.93,171.62,1.00,1.00,1
2026-03-06 13:39:09,30.374676,130.959998,174.50,32.71,171.57,1.00,1.00,1
2026-03-06 13:39:09,30.374676,130.959998,177.06,32.71,171.57,1.00,1.00,1
2026-03-06 13:39:09,30.374676,130.959998,180.31,32.71,171.57,1.00,1.00,1
2026-03-06 13:39:09,30.374676,130.959998,185.00,32.71,171.57,1.00,0.00,1
2026-03-06 13:39:10,30.374676,130.96,173.62,32.68,171.90,1.00,1.00,1
2026-03-06 13:39:10,30.374676,130.96,172.06,32.68,171.90,1.00,1.00,1
2026-03-06 13:39:10,30.374676,130.96,174.69,32.68,171.90,1.00,1.00,1
2026-03-06 13:39:10,30.374676,130.96,179.38,32.68,171.90,1.00,1.00,1
2026-03-06 13:39:11,30.374675,130.96,180.62,32.57,171.87,1.00,1.00,1
2026-03-06 13:39:11,30.374675,130.96,185.38,32.57,171.87,1.00,0.00,1
2026-03-06 13:39:11,30.374675,130.96,174.88,32.57,171.87,1.00,1.00,1
2026-03-06 13:39:11,30.374675,130.96,172.56,32.57,171.87,1.00,1.00,1
2026-03-06 13:39:12,30.374675,130.96,172.50,32.57,171.87,1.00,1.00,1
2026-03-06 13:39:12,30.374675,130.96,176.31,32.57,171.87,1.00,1.00,1
2026-03-06 13:39:12,30.374675,130.96,176.94,32.57,171.87,1.00,1.00,1
2026-03-06 13:39:12,30.374675,130.96,177.81,32.57,171.87,1.00,1.00,1
2026-03-06 13:39:13,30.374675,130.96,179.88,32.57,171.87,1.00,1.00,1
2026-03-06 13:39:13,30.374675,130.96,181.12,32.57,171.87,1.00,1.00,1
2026-03-06 13:39:13,30.374675,130.96,182.88,32.57,171.87,1.00,0.00,1
2026-03-06 13:39:13,30.374675,130.96,177.62,32.57,171.87,1.00,1.00,1
2026-03-06 13:39:14,30.374673,130.96,177.38,32.35,171.82,1.00,1.00,1
2026-03-06 13:39:14,30.374673,130.96,177.31,32.35,171.82,1.00,1.00,1
2026-03-06 13:39:14,30.374673,130.96,178.62,32.35,171.82,1.00,1.00,1
2026-03-06 13:39:14,30.374673,130.96,182.50,32.35,171.82,1.00,0.00,1
2026-03-06 13:39:15,30.374673,130.96,174.94,32.35,171.82,1.00,1.00,1
2026-03-06 13:39:15,30.374673,130.96,175.94,32.35,171.82,1.00,1.00,1
2026-03-06 13:39:15,30.374673,130.96,173.31,32.35,171.82,1.00,1.00,1
2026-03-06 13:39:15,30.374673,130.96,176.81,32.35,171.82,1.00,1.00,1
2026-03-06 13:39:16,30.374673,130.96,178.06,32.35,171.82,1.00,1.00,1
2026-03-06 13:39:16,30.374673,130.96,182.69,32.35,171.82,1.00,0.00,1
2026-03-06 13:39:16,30.374673,130.96,180.81,32.35,171.82,1.00,1.00,1
2026-03-06 13:39:16,30.374673,130.96,184.06,32.35,171.82,1.00,0.00,1
2026-03-06 13:39:17,30.374671,130.960001,175.19,32.12,171.93,1.00,1.00,1
2026-03-06 13:39:17,30.374671,130.960001,173.25,32.12,171.93,1.00,1.00,1
2026-03-06 13:39:17,30.374671,130.960001,173.44,32.12,171.93,1.00,1.00,1
2026-03-06 13:39:17,30.374671,130.960001,172.00,32.12,171.93,1.00,1.00,1
2026-03-06 13:39:18,30.374671,130.960001,174.00,32.12,171.93,1.00,1.00,1
2026-03-06 13:39:18,30.374671,130.960001,178.00,32.12,171.93,1.00,1.00,1
2026-03-06 13:39:18,30.374671,130.960001,181.50,32.12,171.93,1.00,1.00,1
2026-03-06 13:39:18,30.374671,130.960001,184.06,32.12,171.93,1.00,0.00,1
2026-03-06 13:39:19,30.374671,130.960001,174.12,32.12,171.93,1.00,1.00,1
2026-03-06 13:39:19,30.374671,130.960001,174.31,32.12,171.93,1.00,1.00,1
2026-03-06 13:39:19,30.374671,130.960001,178.62,32.12,171.93,1.00,1.00,1
2026-03-06 13:39:19,30.374671,130.960001,179.38,32.12,171.93,1.00,1.00,1
2026-03-06 13:39:20,30.37467,130.960001,181.75,32.01,171.90,1.00,1.00,1
2026-03-06 13:39:20,30.37467,130.960001,181.12,32.01,171.90,1.00,1.00,1
2026-03-06 13:39:20,30.37467,130.960001,181.94,32.01,171.90,1.00,0.00,1
2026-03-06 13:39:20,30.37467,130.960001,171.19,32.01,171.90,1.00,1.00,1
2026-03-06 13:39:21,30.37467,130.960001,168.69,32.01,171.90,1.00,1.00,1
2026-03-06 13:39:21,30.37467,130.960001,168.44,32.01,171.90,1.00,1.00,1
2026-03-06 13:39:21,30.37467,130.960001,169.19,32.01,171.90,1.00,1.00,1
2026-03-06 13:39:21,30.37467,130.960001,175.12,32.01,171.90,1.00,1.00,1
2026-03-06 13:39:21,30.37467,130.960001,178.31,32.01,171.90,1.00,1.00,1
2026-03-06 13:39:22,30.37467,130.960001,178.75,32.01,171.90,1.00,1.00,1
2026-03-06 13:39:22,30.37467,130.960001,178.25,32.01,171.90,1.00,1.00,1
2026-03-06 13:39:22,30.37467,130.960001,177.62,32.01,171.90,1.00,1.00,1
2026-03-06 13:39:22,30.37467,130.960001,183.19,32.01,171.90,1.00,0.00,1
2026-03-06 13:39:23,30.374668,130.960001,178.56,31.79,171.85,1.00,1.00,1
2026-03-06 13:39:23,30.374668,130.960001,181.88,31.79,171.85,1.00,0.00,1
2026-03-06 13:39:23,30.374668,130.960001,176.75,31.79,171.85,1.00,1.00,1
2026-03-06 13:39:23,30.374668,130.960001,175.19,31.79,171.85,1.00,1.00,1
2026-03-06 13:39:24,30.374668,130.960003,177.56,31.76,172.19,1.00,1.00,1
2026-03-06 13:39:24,30.374668,130.960003,177.69,31.76,172.19,1.00,1.00,1
2026-03-06 13:39:24,30.374668,130.960003,177.50,31.76,172.19,1.00,1.00,1
2026-03-06 13:39:24,30.374668,130.960003,179.31,31.76,172.19,1.00,1.00,1
2026-03-06 13:39:25,30.374668,130.960003,187.12,31.76,172.19,1.00,0.00,1
2026-03-06 13:39:25,30.374668,130.960003,180.88,31.76,172.19,1.00,1.00,1
2026-03-06 13:39:25,30.374668,130.960003,182.69,31.76,172.19,1.00,0.00,1
2026-03-06 13:39:25,30.374668,130.960003,172.25,31.76,172.19,1.00,1.00,1
2026-03-06 13:39:26,30.374666,130.960003,167.88,31.54,172.13,1.00,1.00,1
2026-03-06 13:39:26,30.374666,130.960003,170.69,31.54,172.13,1.00,1.00,1
2026-03-06 13:39:26,30.374666,130.960003,172.06,31.54,172.13,1.00,1.00,1
2026-03-06 13:39:26,30.374666,130.960003,175.19,31.54,172.13,1.00,1.00,1
2026-03-06 13:39:27,30.374666,130.960003,175.25,31.54,172.13,1.00,1.00,1
2026-03-06 13:39:27,30.374666,130.960003,176.75,31.54,172.13,1.00,1.00,1
2026-03-06 13:39:27,30.374666,130.960003,179.19,31.54,172.13,1.00,1.00,1
2026-03-06 13:39:27,30.374666,130.960003,180.06,31.54,172.13,1.00,1.00,1
2026-03-06 13:39:28,30.374666,130.960003,183.25,31.54,172.13,1.00,0.00,1
2026-03-06 13:39:28,30.374666,130.960003,171.94,31.54,172.13,1.00,1.00,1
2026-03-06 13:39:28,30.374666,130.960003,170.81,31.54,172.13,1.00,1.00,1
2026-03-06 13:39:28,30.374666,130.960003,172.06,31.54,172.13,1.00,1.00,1
2026-03-06 13:39:29,30.374666,130.960005,178.44,31.52,172.48,1.00,1.00,1
2026-03-06 13:39:29,30.374666,130.960005,178.50,31.52,172.48,1.00,1.00,1
2026-03-06 13:39:29,30.374666,130.960005,177.69,31.52,172.48,1.00,1.00,1
2026-03-06 13:39:29,30.374666,130.960005,178.00,31.52,172.48,1.00,1.00,1
2026-03-06 13:39:30,30.374665,130.960005,180.56,31.41,172.45,1.00,1.00,1
2026-03-06 13:39:30,30.374665,130.960005,182.31,31.41,172.45,1.00,1.00,1
2026-03-06 13:39:30,30.374665,130.960005,182.62,31.41,172.45,1.00,0.00,1
2026-03-06 13:39:30,30.374665,130.960005,176.00,31.41,172.45,1.00,1.00,1
2026-03-06 13:39:31,30.374665,130.960005,177.31,31.41,172.45,1.00,1.00,1
2026-03-06 13:39:31,30.374665,130.960005,180.25,31.41,172.45,1.00,1.00,1
2026-03-06 13:39:31,30.374665,130.960005,180.81,31.41,172.45,1.00,1.00,1
2026-03-06 13:39:31,30.374665,130.960005,183.06,31.41,172.45,1.00,0.00,1
2026-03-06 13:39:32,30.374665,130.960005,172.94,31.41,172.45,1.00,1.00,1
2026-03-06 13:39:32,30.374665,130.960005,174.19,31.41,172.45,1.00,1.00,1
2026-03-06 13:39:32,30.374665,130.960005,176.38,31.41,172.45,1.00,1.00,1
2026-03-06 13:39:32,30.374665,130.960005,178.88,31.41,172.45,1.00,1.00,1
2026-03-06 13:39:33,30.374663,130.960006,183.50,31.17,172.57,1.00,0.00,1
2026-03-06 13:39:33,30.374663,130.960006,179.06,31.17,172.57,1.00,1.00,1
2026-03-06 13:39:33,30.374663,130.960006,181.44,31.17,172.57,1.00,1.00,1
2026-03-06 13:39:33,30.374663,130.960006,183.75,31.17,172.57,1.00,0.00,1
2026-03-06 13:39:34,30.374663,130.960006,181.44,31.17,172.57,1.00,1.00,1
2026-03-06 13:39:34,30.374663,130.960006,181.75,31.17,172.57,1.00,1.00,1
2026-03-06 13:39:34,30.374663,130.960006,183.44,31.17,172.57,1.00,0.00,1
2026-03-06 13:39:34,30.374663,130.960006,176.19,31.17,172.57,1.00,1.00,1
2026-03-06 13:39:35,30.374663,130.960006,174.50,31.17,172.57,1.00,1.00,1
2026-03-06 13:39:35,30.374663,130.960006,176.81,31.17,172.57,1.00,1.00,1
2026-03-06 13:39:35,30.374663,130.960006,178.62,31.17,172.57,1.00,1.00,1
2026-03-06 13:39:35,30.374663,130.960006,182.62,31.17,172.57,1.00,0.00,1
2026-03-06 13:39:35,30.374663,130.960006,177.25,31.17,172.57,1.00,1.00,1
2026-03-06 13:39:36,30.374661,130.960006,175.62,30.95,172.52,1.00,1.00,1
2026-03-06 13:39:36,30.374661,130.960006,176.69,30.95,172.52,1.00,1.00,1
2026-03-06 13:39:36,30.374661,130.960006,176.00,30.95,172.52,1.00,1.00,1
2026-03-06 13:39:36,30.374661,130.960006,178.50,30.95,172.52,1.00,1.00,1
2026-03-06 13:39:37,30.374661,130.960006,179.25,30.95,172.52,1.00,1.00,1
2026-03-06 13:39:37,30.374661,130.960006,181.44,30.95,172.52,1.00,1.00,1
2026-03-06 13:39:37,30.374661,130.960006,180.88,30.95,172.52,1.00,1.00,1
2026-03-06 13:39:37,30.374661,130.960006,182.94,30.95,172.52,1.00,0.00,1
2026-03-06 13:39:38,30.374661,130.960006,173.75,30.95,172.52,1.00,1.00,1
2026-03-06 13:39:38,30.374661,130.960006,173.00,30.95,172.52,1.00,1.00,1
2026-03-06 13:39:38,30.374661,130.960006,173.75,30.95,172.52,1.00,1.00,1
2026-03-06 13:39:38,30.374661,130.960006,173.81,30.95,172.52,1.00,1.00,1
2026-03-06 13:39:39,30.374661,130.960006,177.88,30.95,172.52,1.00,1.00,1
2026-03-06 13:39:39,30.374661,130.960006,178.31,30.95,172.52,1.00,1.00,1
2026-03-06 13:39:39,30.374661,130.960006,177.62,30.95,172.52,1.00,1.00,1
2026-03-06 13:39:39,30.374661,130.960006,176.69,30.95,172.52,1.00,1.00,1
2026-03-06 13:39:40,30.374661,130.960006,177.06,30.95,172.52,1.00,1.00,1
2026-03-06 13:39:40,30.37466,130.960006,180.38,30.84,172.49,1.00,1.00,1
2026-03-06 13:39:40,30.37466,130.960006,183.44,30.84,172.49,1.00,0.00,1
2026-03-06 13:39:40,30.37466,130.960006,179.50,30.84,172.49,1.00,1.00,1
2026-03-06 13:39:40,30.37466,130.960006,175.00,30.84,172.49,1.00,1.00,1
2026-03-06 13:39:41,30.37466,130.960008,174.94,30.82,172.85,1.00,1.00,1
2026-03-06 13:39:41,30.37466,130.960008,173.69,30.82,172.85,1.00,1.00,1
2026-03-06 13:39:41,30.37466,130.960008,175.38,30.82,172.85,1.00,1.00,1
2026-03-06 13:39:41,30.37466,130.960008,176.94,30.82,172.85,1.00,1.00,1
2026-03-06 13:39:42,30.37466,130.960008,178.75,30.82,172.85,1.00,1.00,1
2026-03-06 13:39:42,30.37466,130.960008,179.44,30.82,172.85,1.00,1.00,1
2026-03-06 13:39:42,30.37466,130.960008,184.12,30.82,172.85,1.00,0.00,1
2026-03-06 13:39:42,30.37466,130.960008,182.19,30.82,172.85,1.00,1.00,1
2026-03-06 13:39:43,30.37466,130.960008,183.00,30.82,172.85,1.00,0.00,1
2026-03-06 13:39:43,30.37466,130.960008,174.81,30.82,172.85,1.00,1.00,1
2026-03-06 13:39:43,30.37466,130.960008,173.62,30.82,172.85,1.00,1.00,1
2026-03-06 13:39:43,30.37466,130.960008,177.25,30.82,172.85,1.00,1.00,1
2026-03-06 13:39:44,30.374658,130.960008,179.56,30.60,172.80,1.00,1.00,1
2026-03-06 13:39:44,30.374658,130.960008,182.56,30.60,172.80,1.00,1.00,1
2026-03-06 13:39:44,30.374658,130.960008,182.62,30.60,172.80,1.00,1.00,1
2026-03-06 13:39:44,30.374658,130.960008,187.00,30.60,172.80,1.00,0.00,1
2026-03-06 13:39:45,30.374658,130.960008,180.19,30.60,172.80,1.00,1.00,1
2026-03-06 13:39:45,30.374658,130.960008,181.25,30.60,172.80,1.00,1.00,1
2026-03-06 13:39:45,30.374658,130.960008,183.12,30.60,172.80,1.00,0.00,1
2026-03-06 13:39:45,30.374658,130.960008,179.06,30.60,172.80,1.00,1.00,1
2026-03-06 13:39:46,30.374658,130.960008,179.75,30.60,172.80,1.00,1.00,1
2026-03-06 13:39:46,30.374658,130.960008,180.75,30.60,172.80,1.00,1.00,1
2026-03-06 13:39:46,30.374658,130.960008,181.12,30.60,172.80,1.00,1.00,1
2026-03-06 13:39:46,30.374658,130.960008,184.00,30.60,172.80,1.00,0.00,1
2026-03-06 13:39:46,30.374658,130.960008,175.06,30.60,172.80,1.00,1.00,1
2026-03-06 13:39:47,30.374656,130.960008,174.62,30.38,172.74,1.00,1.00,1
2026-03-06 13:39:47,30.374656,130.960008,176.44,30.38,172.74,1.00,1.00,1
2026-03-06 13:39:47,30.374656,130.960008,179.00,30.38,172.74,1.00,1.00,1
2026-03-06 13:39:47,30.374656,130.960008,182.69,30.38,172.74,1.00,1.00,1
2026-03-06 13:39:48,30.374656,130.960008,185.25,30.38,172.74,1.00,0.00,1
2026-03-06 13:39:48,30.374656,130.960008,179.00,30.38,172.74,1.00,1.00,1
2026-03-06 13:39:48,30.374656,130.960008,177.88,30.38,172.74,1.00,1.00,1
2026-03-06 13:39:48,30.374656,130.960008,176.88,30.38,172.74,1.00,1.00,1
2026-03-06 13:39:48,30.374656,130.960008,178.56,30.38,172.74,1.00,1.00,1
2026-03-06 13:39:49,30.374656,130.96001,181.31,30.35,173.10,1.00,1.00,1
2026-03-06 13:39:49,30.374656,130.96001,185.38,30.35,173.10,1.00,0.00,1
2026-03-06 13:39:49,30.374656,130.96001,177.81,30.35,173.10,1.00,1.00,1
2026-03-06 13:39:49,30.374656,130.96001,179.81,30.35,173.10,1.00,1.00,1
2026-03-06 13:39:50,30.374656,130.96001,183.00,30.35,173.10,1.00,1.00,1
2026-03-06 13:39:50,30.374656,130.96001,185.62,30.35,173.10,1.00,0.00,1
2026-03-06 13:39:50,30.374656,130.96001,182.38,30.35,173.10,1.00,1.00,1
2026-03-06 13:39:50,30.374656,130.96001,183.62,30.35,173.10,1.00,0.00,1
2026-03-06 13:39:50,30.374656,130.96001,179.44,30.35,173.10,1.00,1.00,1
2026-03-06 13:39:51,30.374655,130.96001,177.06,30.24,173.08,1.00,1.00,1
2026-03-06 13:39:51,30.374655,130.96001,181.88,30.24,173.08,1.00,1.00,1
2026-03-06 13:39:51,30.374655,130.96001,183.44,30.24,173.08,1.00,0.00,1
2026-03-06 13:39:51,30.374655,130.96001,176.62,30.24,173.08,1.00,1.00,1
2026-03-06 13:39:52,30.374655,130.96001,174.75,30.24,173.08,1.00,1.00,1
2026-03-06 13:39:52,30.374655,130.96001,176.88,30.24,173.08,1.00,1.00,1
2026-03-06 13:39:52,30.374655,130.96001,184.25,30.24,173.08,1.00,0.00,1
2026-03-06 13:39:52,30.374655,130.96001,177.19,30.24,173.08,1.00,1.00,1
2026-03-06 13:39:52,30.374655,130.96001,176.38,30.24,173.08,1.00,1.00,1
2026-03-06 13:39:53,30.374655,130.96001,176.75,30.24,173.08,1.00,1.00,1
2026-03-06 13:39:53,30.374655,130.96001,178.75,30.24,173.08,1.00,1.00,1
2026-03-06 13:39:53,30.374655,130.96001,183.50,30.24,173.08,1.00,0.00,1
2026-03-06 13:39:53,30.374655,130.96001,178.81,30.24,173.08,1.00,1.00,1
2026-03-06 13:39:54,30.374655,130.96001,176.25,30.24,173.08,1.00,1.00,1
2026-03-06 13:39:54,30.374655,130.96001,178.50,30.24,173.08,1.00,1.00,1
2026-03-06 13:39:54,30.374655,130.96001,181.81,30.24,173.08,1.00,1.00,1
2026-03-06 13:39:54,30.374655,130.96001,182.44,30.24,173.08,1.00,1.00,1
2026-03-06 13:39:55,30.374655,130.960011,183.81,30.23,173.26,1.00,0.00,1
2026-03-06 13:39:55,30.374655,130.960011,178.19,30.23,173.26,1.00,1.00,1
2026-03-06 13:39:55,30.374655,130.960011,179.12,30.23,173.26,1.00,1.00,1
2026-03-06 13:39:55,30.374655,130.960011,180.38,30.23,173.26,1.00,1.00,1
2026-03-06 13:39:56,30.374653,130.960011,186.56,30.01,173.21,1.00,0.00,1
2026-03-06 13:39:56,30.374653,130.960011,175.94,30.01,173.21,1.00,1.00,1
2026-03-06 13:39:56,30.374653,130.960011,175.44,30.01,173.21,1.00,1.00,1
2026-03-06 13:39:56,30.374653,130.960011,176.56,30.01,173.21,1.00,1.00,1
2026-03-06 13:39:57,30.374653,130.960011,180.81,30.01,173.21,1.00,1.00,1
2026-03-06 13:39:57,30.374653,130.960011,182.81,30.01,173.21,1.00,1.00,1
2026-03-06 13:39:57,30.374653,130.960011,184.94,30.01,173.21,1.00,0.00,1
2026-03-06 13:39:57,30.374653,130.960011,177.88,30.01,173.21,1.00,1.00,1
2026-03-06 13:39:58,30.374653,130.960011,177.31,30.01,173.21,1.00,1.00,1
2026-03-06 13:39:58,30.374653,130.960011,180.31,30.01,173.21,1.00,1.00,1
2026-03-06 13:39:58,30.374653,130.960011,184.12,30.01,173.21,1.00,0.00,1
2026-03-06 13:39:58,30.374653,130.960011,173.62,30.01,173.21,1.00,1.00,1
2026-03-06 13:39:59,30.374653,130.960011,172.75,30.01,173.21,1.00,1.00,1
2026-03-06 13:39:59,30.374653,130.960011,178.25,30.01,173.21,1.00,1.00,1
2026-03-06 13:39:59,30.374653,130.960011,180.19,30.01,173.21,1.00,1.00,1
2026-03-06 13:39:59,30.374653,130.960011,180.75,30.01,173.21,1.00,1.00,1
2026-03-06 13:40:00,30.374651,130.960011,182.81,29.79,173.16,1.00,1.00,1
2026-03-06 13:40:00,30.374651,130.960011,188.19,29.79,173.16,1.00,0.00,1
2026-03-06 13:40:00,30.374651,130.960011,183.62,29.79,173.16,1.00,0.00,1
2026-03-06 13:40:00,30.374651,130.960011,180.50,29.79,173.16,1.00,1.00,1
2026-03-06 13:40:01,30.374651,130.960011,183.00,29.79,173.16,1.00,1.00,1
2026-03-06 13:40:01,30.374651,130.960011,185.44,29.79,173.16,1.00,0.00,1
2026-03-06 13:40:01,30.374651,130.960011,178.62,29.79,173.16,1.00,1.00,1
2026-03-06 13:40:01,30.374651,130.960011,175.75,29.79,173.16,1.00,1.00,1
2026-03-06 13:40:02,30.374651,130.960013,175.31,29.77,173.52,1.00,1.00,1
2026-03-06 13:40:02,30.374651,130.960013,174.25,29.77,173.52,1.00,1.00,1
2026-03-06 13:40:02,30.374651,130.960013,178.12,29.77,173.52,1.00,1.00,1
2026-03-06 13:40:02,30.374651,130.960013,181.38,29.77,173.52,1.00,1.00,1
2026-03-06 13:40:03,30.37465,130.960013,184.88,29.66,173.50,1.00,0.00,1
2026-03-06 13:40:03,30.37465,130.960013,173.75,29.66,173.50,1.00,1.00,1
2026-03-06 13:40:03,30.37465,130.960013,172.00,29.66,173.50,1.00,1.00,1
2026-03-06 13:40:03,30.37465,130.960013,170.44,29.66,173.50,1.00,1.00,1
2026-03-06 13:40:04,30.37465,130.960013,171.62,29.66,173.50,1.00,1.00,1
2026-03-06 13:40:04,30.37465,130.960013,173.94,29.66,173.50,1.00,1.00,1
2026-03-06 13:40:04,30.37465,130.960013,179.38,29.66,173.50,1.00,1.00,1
2026-03-06 13:40:04,30.37465,130.960013,182.44,29.66,173.50,1.00,1.00,1
2026-03-06 13:40:05,30.37465,130.960013,186.06,29.66,173.50,1.00,0.00,1
2026-03-06 13:40:05,30.37465,130.960013,180.19,29.66,173.50,1.00,1.00,1
2026-03-06 13:40:05,30.37465,130.960013,181.06,29.66,173.50,1.00,1.00,1
2026-03-06 13:40:05,30.37465,130.960013,181.06,29.66,173.50,1.00,1.00,1
2026-03-06 13:40:05,30.37465,130.960013,180.25,29.66,173.50,1.00,1.00,1
2026-03-06 13:40:06,30.37465,130.960015,180.50,29.64,173.87,1.00,1.00,1
2026-03-06 13:40:06,30.37465,130.960015,181.44,29.64,173.87,1.00,1.00,1
2026-03-06 13:40:06,30.37465,130.960015,180.88,29.64,173.87,1.00,1.00,1
2026-03-06 13:40:06,30.37465,130.960015,181.25,29.64,173.87,1.00,1.00,1
2026-03-06 13:40:07,30.374648,130.960015,181.62,29.42,173.82,1.00,1.00,1
2026-03-06 13:40:07,30.374648,130.960015,182.75,29.42,173.82,1.00,1.00,1
2026-03-06 13:40:07,30.374648,130.960015,184.50,29.42,173.82,1.00,0.00,1
2026-03-06 13:40:07,30.374648,130.960015,179.62,29.42,173.82,1.00,1.00,1
2026-03-06 13:40:08,30.374648,130.960015,182.50,29.42,173.82,1.00,1.00,1
2026-03-06 13:40:08,30.374648,130.960015,182.81,29.42,173.82,1.00,1.00,1
2026-03-06 13:40:08,30.374648,130.960015,186.44,29.42,173.82,1.00,0.00,1
2026-03-06 13:40:08,30.374648,130.960015,179.25,29.42,173.82,1.00,1.00,1
2026-03-06 13:40:09,30.374648,130.960015,179.75,29.42,173.82,1.00,1.00,1
2026-03-06 13:40:09,30.374648,130.960015,183.50,29.42,173.82,1.00,1.00,1
2026-03-06 13:40:09,30.374648,130.960015,183.88,29.42,173.82,1.00,0.00,1
2026-03-06 13:40:09,30.374648,130.960015,176.31,29.42,173.82,1.00,1.00,1
2026-03-06 13:40:10,30.374648,130.960015,177.75,29.42,173.82,1.00,1.00,1
2026-03-06 13:40:10,30.374648,130.960015,178.56,29.42,173.82,1.00,1.00,1
2026-03-06 13:40:10,30.374648,130.960015,182.88,29.42,173.82,1.00,1.00,1
2026-03-06 13:40:10,30.374648,130.960015,187.88,29.42,173.82,1.00,0.00,1
2026-03-06 13:40:11,30.374646,130.960015,178.88,29.19,173.77,1.00,1.00,1
2026-03-06 13:40:11,30.374646,130.960015,178.50,29.19,173.77,1.00,1.00,1
2026-03-06 13:40:11,30.374646,130.960015,181.56,29.19,173.77,1.00,1.00,1
2026-03-06 13:40:11,30.374646,130.960015,184.19,29.19,173.77,1.00,0.00,1
2026-03-06 13:40:12,30.374646,130.960015,176.19,29.19,173.77,1.00,1.00,1
2026-03-06 13:40:12,30.374646,130.960015,178.00,29.19,173.77,1.00,1.00,1
2026-03-06 13:40:12,30.374646,130.960015,180.25,29.19,173.77,1.00,1.00,1
2026-03-06 13:40:12,30.374646,130.960015,181.62,29.19,173.77,1.00,1.00,1
2026-03-06 13:40:13,30.374646,130.960016,183.44,29.18,173.96,1.00,1.00,1
2026-03-06 13:40:13,30.374646,130.960016,186.62,29.18,173.96,1.00,0.00,1
2026-03-06 13:40:13,30.374646,130.960016,179.44,29.18,173.96,1.00,1.00,1
2026-03-06 13:40:13,30.374646,130.960016,180.81,29.18,173.96,1.00,1.00,1
2026-03-06 13:40:14,30.374645,130.960016,184.50,29.07,173.94,1.00,0.00,1
2026-03-06 13:40:14,30.374645,130.960016,174.38,29.07,173.94,1.00,1.00,1
2026-03-06 13:40:14,30.374645,130.960016,175.94,29.07,173.94,1.00,1.00,1
2026-03-06 13:40:14,30.374645,130.960016,176.44,29.07,173.94,1.00,1.00,1
2026-03-06 13:40:15,30.374645,130.960016,178.31,29.07,173.94,1.00,1.00,1
2026-03-06 13:40:15,30.374645,130.960016,178.38,29.07,173.94,1.00,1.00,1
2026-03-06 13:40:15,30.374645,130.960016,178.00,29.07,173.94,1.00,1.00,1
2026-03-06 13:40:15,30.374645,130.960016,181.38,29.07,173.94,1.00,1.00,1
2026-03-06 13:40:15,30.374645,130.960016,185.06,29.07,173.94,1.00,0.00,1
2026-03-06 13:40:16,30.374645,130.960016,179.06,29.07,173.94,1.00,1.00,1
2026-03-06 13:40:16,30.374645,130.960016,179.50,29.07,173.94,1.00,1.00,1
2026-03-06 13:40:16,30.374645,130.960016,176.62,29.07,173.94,1.00,1.00,1
2026-03-06 13:40:16,30.374645,130.960016,178.00,29.07,173.94,1.00,1.00,1
2026-03-06 13:40:17,30.374645,130.960016,179.25,29.07,173.94,1.00,1.00,1
2026-03-06 13:40:17,30.374645,130.960016,178.88,29.07,173.94,1.00,1.00,1
2026-03-06 13:40:17,30.374645,130.960016,179.06,29.07,173.94,1.00,1.00,1
2026-03-06 13:40:17,30.374645,130.960016,178.50,29.07,173.94,1.00,1.00,1
2026-03-06 13:40:18,30.374645,130.960016,186.94,29.07,173.94,1.00,0.00,1
2026-03-06 13:40:18,30.374645,130.960016,183.19,29.07,173.94,1.00,1.00,1
2026-03-06 13:40:18,30.374645,130.960016,177.44,29.07,173.94,1.00,1.00,1
2026-03-06 13:40:18,30.374645,130.960016,178.94,29.07,173.94,1.00,1.00,1
2026-03-06 13:40:18,30.374645,130.960016,180.56,29.07,173.94,1.00,1.00,1
2026-03-06 13:40:19,30.374643,130.960016,185.44,28.85,173.89,1.00,0.00,1
2026-03-06 13:40:19,30.374643,130.960016,178.44,28.85,173.89,1.00,1.00,1
2026-03-06 13:40:19,30.374643,130.960016,178.50,28.85,173.89,1.00,1.00,1
2026-03-06 13:40:19,30.374643,130.960016,178.75,28.85,173.89,1.00,1.00,1
2026-03-06 13:40:20,30.374643,130.960016,181.38,28.85,173.89,1.00,1.00,1
2026-03-06 13:40:20,30.374643,130.960016,183.00,28.85,173.89,1.00,1.00,1
2026-03-06 13:40:20,30.374643,130.960016,185.62,28.85,173.89,1.00,0.00,1
2026-03-06 13:40:20,30.374643,130.960016,179.75,28.85,173.89,1.00,1.00,1
2026-03-06 13:40:21,30.374643,130.960016,179.38,28.85,173.89,1.00,1.00,1
2026-03-06 13:40:21,30.374643,130.960016,183.56,28.85,173.89,1.00,1.00,1
2026-03-06 13:40:21,30.374643,130.960016,183.06,28.85,173.89,1.00,1.00,1
2026-03-06 13:40:21,30.374643,130.960016,182.06,28.85,173.89,1.00,1.00,1
2026-03-06 13:40:22,30.374643,130.960016,182.88,28.85,173.89,1.00,1.00,1
2026-03-06 13:40:22,30.374643,130.960016,185.88,28.85,173.89,1.00,0.00,1
2026-03-06 13:40:22,30.374643,130.960016,181.31,28.85,173.89,1.00,1.00,1
2026-03-06 13:40:22,30.374643,130.960016,182.62,28.85,173.89,1.00,1.00,1
2026-03-06 13:40:23,30.374643,130.960016,185.50,28.85,173.89,1.00,0.00,1
2026-03-06 13:40:23,30.374643,130.960016,175.06,28.85,173.89,1.00,1.00,1
2026-03-06 13:40:23,30.374643,130.960016,173.19,28.85,173.89,1.00,1.00,1
2026-03-06 13:40:23,30.374643,130.960016,176.06,28.85,173.89,1.00,1.00,1
2026-03-06 13:40:24,30.374643,130.960016,177.00,28.85,173.89,1.00,1.00,1
2026-03-06 13:40:24,30.374641,130.960016,177.75,28.63,173.84,1.00,1.00,1
2026-03-06 13:40:24,30.374641,130.960016,181.62,28.63,173.84,1.00,1.00,1
2026-03-06 13:40:24,30.374641,130.960016,181.50,28.63,173.84,1.00,1.00,1
2026-03-06 13:40:24,30.374641,130.960016,183.25,28.63,173.84,1.00,1.00,1
2026-03-06 13:40:25,30.374641,130.960016,184.75,28.63,173.84,1.00,0.00,1
2026-03-06 13:40:25,30.374641,130.960016,175.62,28.63,173.84,1.00,1.00,1
2026-03-06 13:40:25,30.374641,130.960016,175.31,28.63,173.84,1.00,1.00,1
2026-03-06 13:40:25,30.374641,130.960016,174.44,28.63,173.84,1.00,1.00,1
2026-03-06 13:40:26,30.374641,130.960018,178.06,28.61,174.23,1.00,1.00,1
2026-03-06 13:40:26,30.374641,130.960018,182.62,28.61,174.23,1.00,1.00,1
2026-03-06 13:40:26,30.374641,130.960018,184.12,28.61,174.23,1.00,1.00,1
2026-03-06 13:40:26,30.374641,130.960018,187.00,28.61,174.23,1.00,0.00,1
2026-03-06 13:40:27,30.374641,130.960018,177.19,28.61,174.23,1.00,1.00,1
2026-03-06 13:40:27,30.374641,130.960018,174.50,28.61,174.23,1.00,1.00,1
2026-03-06 13:40:27,30.374641,130.960018,178.44,28.61,174.23,1.00,1.00,1
2026-03-06 13:40:27,30.374641,130.960018,181.56,28.61,174.23,1.00,1.00,1
2026-03-06 13:40:28,30.37464,130.960018,184.94,28.50,174.20,1.00,0.00,1
2026-03-06 13:40:28,30.37464,130.960018,178.44,28.50,174.20,1.00,1.00,1
2026-03-06 13:40:28,30.37464,130.960018,178.25,28.50,174.20,1.00,1.00,1
2026-03-06 13:40:28,30.37464,130.960018,180.06,28.50,174.20,1.00,1.00,1
2026-03-06 13:40:29,30.37464,130.960018,181.31,28.50,174.20,1.00,1.00,1
2026-03-06 13:40:29,30.37464,130.960018,185.12,28.50,174.20,1.00,0.00,1
2026-03-06 13:40:29,30.37464,130.960018,174.50,28.50,174.20,1.00,1.00,1
2026-03-06 13:40:29,30.37464,130.960018,175.31,28.50,174.20,1.00,1.00,1
2026-03-06 13:40:30,30.37464,130.960018,180.38,28.50,174.20,1.00,1.00,1
2026-03-06 13:40:30,30.37464,130.960018,180.88,28.50,174.20,1.00,1.00,1
2026-03-06 13:40:30,30.37464,130.960018,184.19,28.50,174.20,1.00,1.00,1
2026-03-06 13:40:30,30.37464,130.960018,184.38,28.50,174.20,1.00,0.00,1
2026-03-06 13:40:31,30.37464,130.960018,174.44,28.50,174.20,1.00,1.00,1
2026-03-06 13:40:31,30.37464,130.960018,175.50,28.50,174.20,1.00,1.00,1
2026-03-06 13:40:31,30.37464,130.960018,180.25,28.50,174.20,1.00,1.00,1
2026-03-06 13:40:31,30.37464,130.960018,182.62,28.50,174.20,1.00,1.00,1
2026-03-06 13:40:32,30.374638,130.960018,185.50,28.28,174.16,1.00,0.00,1
2026-03-06 13:40:32,30.374638,130.960018,176.19,28.28,174.16,1.00,1.00,1
2026-03-06 13:40:32,30.374638,130.960018,170.88,28.28,174.16,1.00,1.00,1
2026-03-06 13:40:32,30.374638,130.960018,173.19,28.28,174.16,1.00,1.00,1
2026-03-06 13:40:33,30.374638,130.960018,176.25,28.28,174.16,1.00,1.00,1
2026-03-06 13:40:33,30.374638,130.960018,180.69,28.28,174.16,1.00,1.00,1
2026-03-06 13:40:33,30.374638,130.960018,184.00,28.28,174.16,1.00,1.00,1
2026-03-06 13:40:33,30.374638,130.960018,186.25,28.28,174.16,1.00,0.00,1
2026-03-06 13:40:34,30.374638,130.960018,176.81,28.28,174.16,1.00,1.00,1
2026-03-06 13:40:34,30.374638,130.960018,174.00,28.28,174.16,1.00,1.00,1
2026-03-06 13:40:34,30.374638,130.960018,176.50,28.28,174.16,1.00,1.00,1
2026-03-06 13:40:34,30.374638,130.960018,178.81,28.28,174.16,1.00,1.00,1
2026-03-06 13:40:35,30.374638,130.960018,179.44,28.28,174.16,1.00,1.00,1
2026-03-06 13:40:35,30.374638,130.960018,180.50,28.28,174.16,1.00,1.00,1
2026-03-06 13:40:35,30.374638,130.960018,182.06,28.28,174.16,1.00,1.00,1
2026-03-06 13:40:35,30.374638,130.960018,184.75,28.28,174.16,1.00,0.00,1
2026-03-06 13:40:35,30.374638,130.960018,176.50,28.28,174.16,1.00,1.00,1
2026-03-06 13:40:36,30.374638,130.960018,172.94,28.28,174.16,1.00,1.00,1
2026-03-06 13:40:36,30.374638,130.960018,173.88,28.28,174.16,1.00,1.00,1
2026-03-06 13:40:36,30.374638,130.960018,175.12,28.28,174.16,1.00,1.00,1
2026-03-06 13:40:36,30.374638,130.960018,176.19,28.28,174.16,1.00,1.00,1
2026-03-06 13:40:37,30.374636,130.960018,178.56,28.06,174.11,1.00,1.00,1
2026-03-06 13:40:37,30.374636,130.960018,180.31,28.06,174.11,1.00,1.00,1
2026-03-06 13:40:37,30.374636,130.960018,182.75,28.06,174.11,1.00,1.00,1
2026-03-06 13:40:37,30.374636,130.960018,183.31,28.06,174.11,1.00,1.00,1
2026-03-06 13:40:38,30.374636,130.960018,184.56,28.06,174.11,1.00,0.00,1
2026-03-06 13:40:38,30.374636,130.960018,176.44,28.06,174.11,1.00,1.00,1
2026-03-06 13:40:38,30.374636,130.960018,172.31,28.06,174.11,1.00,1.00,1
2026-03-06 13:40:38,30.374636,130.960018,172.44,28.06,174.11,1.00,1.00,1
2026-03-06 13:40:38,30.374636,130.960018,175.81,28.06,174.11,1.00,1.00,1
2026-03-06 13:40:39,30.374633,130.960018,178.75,27.73,174.04,1.00,1.00,1
2026-03-06 13:40:39,30.374633,130.960018,183.31,27.73,174.04,1.00,1.00,1
2026-03-06 13:40:39,30.374633,130.960018,186.38,27.73,174.04,1.00,0.00,1
2026-03-06 13:40:39,30.374633,130.960018,176.12,27.73,174.04,1.00,1.00,1
2026-03-06 13:40:40,30.37463,130.96002,174.06,27.37,174.37,1.00,1.00,1
2026-03-06 13:40:40,30.37463,130.96002,175.19,27.37,174.37,1.00,1.00,1
2026-03-06 13:40:40,30.37463,130.96002,177.50,27.37,174.37,1.00,1.00,1
2026-03-06 13:40:40,30.37463,130.96002,183.62,27.37,174.37,1.00,1.00,1
2026-03-06 13:40:41,30.374628,130.96002,188.31,27.15,174.32,1.00,0.00,1
2026-03-06 13:40:41,30.374628,130.96002,185.06,27.15,174.32,1.00,0.00,1
2026-03-06 13:40:41,30.374628,130.96002,178.19,27.15,174.32,1.00,1.00,1
2026-03-06 13:40:41,30.374628,130.96002,178.00,27.15,174.32,1.00,1.00,1
2026-03-06 13:40:42,30.374626,130.960021,177.31,26.92,174.48,1.00,1.00,1
2026-03-06 13:40:42,30.374626,130.960021,178.56,26.92,174.48,1.00,1.00,1
2026-03-06 13:40:42,30.374626,130.960021,181.31,26.92,174.48,1.00,1.00,1
2026-03-06 13:40:42,30.374626,130.960021,183.62,26.92,174.48,1.00,1.00,1
2026-03-06 13:40:43,30.374625,130.960021,187.81,26.81,174.46,1.00,0.00,1
2026-03-06 13:40:43,30.374625,130.960021,179.00,26.81,174.46,1.00,1.00,1
2026-03-06 13:40:43,30.374625,130.960021,178.06,26.81,174.46,1.00,1.00,1
2026-03-06 13:40:43,30.374625,130.960021,178.62,26.81,174.46,1.00,1.00,1
2026-03-06 13:40:44,30.374625,130.960023,181.06,26.79,174.86,1.00,1.00,1
2026-03-06 13:40:44,30.374625,130.960023,183.31,26.79,174.86,1.00,1.00,1
2026-03-06 13:40:44,30.374625,130.960023,186.19,26.79,174.86,1.00,0.00,1
2026-03-06 13:40:44,30.374625,130.960023,177.94,26.79,174.86,1.00,1.00,1
2026-03-06 13:40:45,30.374623,130.960023,176.62,26.57,174.82,1.00,1.00,1
2026-03-06 13:40:45,30.374623,130.960023,181.44,26.57,174.82,1.00,1.00,1
2026-03-06 13:40:45,30.374623,130.960023,184.56,26.57,174.82,1.00,1.00,1
2026-03-06 13:40:45,30.374623,130.960023,187.50,26.57,174.82,1.00,0.00,1
2026-03-06 13:40:46,30.374621,130.960023,177.56,26.35,174.78,1.00,1.00,1
2026-03-06 13:40:46,30.374621,130.960023,176.38,26.35,174.78,1.00,1.00,1
2026-03-06 13:40:46,30.374621,130.960023,177.75,26.35,174.78,1.00,1.00,1
2026-03-06 13:40:46,30.374621,130.960023,181.25,26.35,174.78,1.00,1.00,1
2026-03-06 13:40:47,30.374621,130.960025,181.75,26.33,175.19,1.00,1.00,1
2026-03-06 13:40:47,30.374621,130.960025,184.00,26.33,175.19,1.00,1.00,1
2026-03-06 13:40:47,30.374621,130.960025,186.00,26.33,175.19,1.00,0.00,1
2026-03-06 13:40:47,30.374621,130.960025,180.00,26.33,175.19,1.00,1.00,1
2026-03-06 13:40:48,30.37462,130.960025,184.38,26.22,175.17,1.00,1.00,1
2026-03-06 13:40:48,30.37462,130.960025,184.81,26.22,175.17,1.00,1.00,1
2026-03-06 13:40:48,30.37462,130.960025,185.62,26.22,175.17,1.00,0.00,1
2026-03-06 13:40:48,30.37462,130.960025,175.31,26.22,175.17,1.00,1.00,1
2026-03-06 13:40:49,30.374618,130.960025,174.69,26.00,175.13,1.00,1.00,1
2026-03-06 13:40:49,30.374618,130.960025,176.75,26.00,175.13,1.00,1.00,1
2026-03-06 13:40:49,30.374618,130.960025,182.06,26.00,175.13,1.00,1.00,1
2026-03-06 13:40:49,30.374618,130.960025,183.75,26.00,175.13,1.00,1.00,1
2026-03-06 13:40:50,30.374616,130.960025,188.25,25.78,175.09,1.00,0.00,1
2026-03-06 13:40:50,30.374616,130.960025,183.94,25.78,175.09,1.00,1.00,1
2026-03-06 13:40:50,30.374616,130.960025,184.75,25.78,175.09,1.00,1.00,1
2026-03-06 13:40:50,30.374616,130.960025,186.38,25.78,175.09,1.00,0.00,1
2026-03-06 13:40:51,30.374616,130.960025,179.31,25.78,175.09,1.00,1.00,1
2026-03-06 13:40:51,30.374616,130.960025,177.38,25.78,175.09,1.00,1.00,1
2026-03-06 13:40:51,30.374616,130.960025,180.81,25.78,175.09,1.00,1.00,1
2026-03-06 13:40:51,30.374616,130.960025,185.12,25.78,175.09,1.00,0.00,1
2026-03-06 13:40:51,30.374616,130.960025,177.62,25.78,175.09,1.00,1.00,1
2026-03-06 13:40:52,30.374615,130.960026,178.62,25.66,175.28,1.00,1.00,1
2026-03-06 13:40:52,30.374615,130.960026,177.94,25.66,175.28,1.00,1.00,1
2026-03-06 13:40:52,30.374615,130.960026,178.31,25.66,175.28,1.00,1.00,1
2026-03-06 13:40:52,30.374615,130.960026,180.06,25.66,175.28,1.00,1.00,1
2026-03-06 13:40:53,30.374613,130.960026,183.81,25.44,175.24,1.00,1.00,1
2026-03-06 13:40:53,30.374613,130.960026,189.12,25.44,175.24,1.00,0.00,1
2026-03-06 13:40:53,30.374613,130.960026,179.81,25.44,175.24,1.00,1.00,1
2026-03-06 13:40:53,30.374613,130.960026,181.06,25.44,175.24,1.00,1.00,1
2026-03-06 13:40:54,30.374613,130.960026,182.81,25.44,175.24,1.00,1.00,1
2026-03-06 13:40:54,30.374613,130.960026,182.06,25.44,175.24,1.00,1.00,1
2026-03-06 13:40:54,30.374613,130.960026,186.19,25.44,175.24,1.00,0.00,1
2026-03-06 13:40:54,30.374613,130.960026,181.50,25.44,175.24,1.00,1.00,1
2026-03-06 13:40:55,30.374611,130.960026,181.25,25.22,175.20,1.00,1.00,1
2026-03-06 13:40:55,30.374611,130.960026,183.81,25.22,175.20,1.00,1.00,1
2026-03-06 13:40:55,30.374611,130.960026,190.06,25.22,175.20,1.00,0.00,1
2026-03-06 13:40:55,30.374611,130.960026,181.31,25.22,175.20,1.00,1.00,1
2026-03-06 13:40:56,30.374611,130.960028,178.69,25.20,175.63,1.00,1.00,1
2026-03-06 13:40:56,30.374611,130.960028,179.31,25.20,175.63,1.00,1.00,1
2026-03-06 13:40:56,30.374611,130.960028,180.94,25.20,175.63,1.00,1.00,1
2026-03-06 13:40:56,30.374611,130.960028,182.50,25.20,175.63,1.00,1.00,1
2026-03-06 13:40:57,30.37461,130.960028,187.25,25.09,175.61,1.00,0.00,1
2026-03-06 13:40:57,30.37461,130.960028,179.69,25.09,175.61,1.00,1.00,1
2026-03-06 13:40:57,30.37461,130.960028,178.50,25.09,175.61,1.00,1.00,1
2026-03-06 13:40:57,30.37461,130.960028,181.31,25.09,175.61,1.00,1.00,1
2026-03-06 13:40:58,30.37461,130.960028,184.06,25.09,175.61,1.00,1.00,1
2026-03-06 13:40:58,30.37461,130.960028,187.38,25.09,175.61,1.00,0.00,1
2026-03-06 13:40:58,30.37461,130.960028,179.38,25.09,175.61,1.00,1.00,1
2026-03-06 13:40:58,30.37461,130.960028,180.69,25.09,175.61,1.00,1.00,1
2026-03-06 13:40:59,30.374608,130.960028,181.69,24.87,175.58,1.00,1.00,1
2026-03-06 13:40:59,30.374608,130.960028,185.19,24.87,175.58,1.00,1.00,1
2026-03-06 13:40:59,30.374608,130.960028,189.38,24.87,175.58,1.00,0.00,1
2026-03-06 13:40:59,30.374608,130.960028,181.62,24.87,175.58,1.00,1.00,1
2026-03-06 13:41:00,30.374606,130.96003,181.88,24.63,175.98,1.00,1.00,1
2026-03-06 13:41:00,30.374606,130.96003,186.12,24.63,175.98,1.00,0.00,1
2026-03-06 13:41:00,30.374606,130.96003,180.62,24.63,175.98,1.00,1.00,1
2026-03-06 13:41:00,30.374606,130.96003,179.50,24.63,175.98,1.00,1.00,1
2026-03-06 13:41:01,30.374606,130.96003,180.31,24.63,175.98,1.00,1.00,1
2026-03-06 13:41:01,30.374606,130.96003,181.88,24.63,175.98,1.00,1.00,1
2026-03-06 13:41:01,30.374606,130.96003,180.44,24.63,175.98,1.00,1.00,1
2026-03-06 13:41:01,30.374606,130.96003,182.12,24.63,175.98,1.00,1.00,1
2026-03-06 13:41:01,30.374606,130.96003,186.69,24.63,175.98,1.00,0.00,1
2026-03-06 13:41:02,30.374605,130.96003,180.88,24.52,175.96,1.00,1.00,1
2026-03-06 13:41:02,30.374605,130.96003,180.44,24.52,175.96,1.00,1.00,1
2026-03-06 13:41:02,30.374605,130.96003,181.88,24.52,175.96,1.00,1.00,1
2026-03-06 13:41:02,30.374605,130.96003,184.12,24.52,175.96,1.00,1.00,1
2026-03-06 13:41:03,30.374603,130.96003,188.19,24.30,175.93,1.00,0.00,1
2026-03-06 13:41:03,30.374603,130.96003,178.81,24.30,175.93,1.00,1.00,1
2026-03-06 13:41:03,30.374603,130.96003,179.44,24.30,175.93,1.00,1.00,1
2026-03-06 13:41:03,30.374603,130.96003,183.44,24.30,175.93,1.00,1.00,1
2026-03-06 13:41:04,30.374603,130.96003,186.69,24.30,175.93,1.00,0.00,1
2026-03-06 13:41:04,30.374603,130.960031,179.06,24.30,176.15,1.00,1.00,1
2026-03-06 13:41:04,30.374603,130.960031,175.88,24.30,176.15,1.00,1.00,1
2026-03-06 13:41:04,30.374603,130.960031,175.38,24.30,176.15,1.00,1.00,1
2026-03-06 13:41:04,30.374603,130.960031,175.44,24.30,176.15,1.00,1.00,1
2026-03-06 13:41:05,30.374601,130.960031,174.31,24.07,176.12,1.00,1.00,1
2026-03-06 13:41:05,30.374601,130.960031,176.62,24.07,176.12,1.00,1.00,1
2026-03-06 13:41:05,30.374601,130.960031,179.44,24.07,176.12,1.00,1.00,1
2026-03-06 13:41:05,30.374601,130.960031,183.19,24.07,176.12,1.00,1.00,1
2026-03-06 13:41:06,30.374601,130.960033,186.75,24.06,176.57,1.00,0.00,1
2026-03-06 13:41:06,30.374601,130.960033,176.62,24.06,176.57,1.00,1.00,1
2026-03-06 13:41:06,30.374601,130.960033,176.44,24.06,176.57,1.00,1.00,1
2026-03-06 13:41:06,30.374601,130.960033,180.75,24.06,176.57,1.00,1.00,1
2026-03-06 13:41:07,30.3746,130.960033,181.06,23.95,176.56,1.00,1.00,1
2026-03-06 13:41:07,30.3746,130.960033,185.69,23.95,176.56,1.00,1.00,1
2026-03-06 13:41:07,30.3746,130.960033,189.31,23.95,176.56,1.00,0.00,1
2026-03-06 13:41:11,30.3746,130.960033,187.50,23.95,176.56,1.00,0.00,1
2026-03-06 13:41:11,30.3746,130.960033,181.88,23.95,176.56,1.00,1.00,1
2026-03-06 13:41:11,30.374598,130.960033,179.88,23.73,176.52,1.00,1.00,1
2026-03-06 13:41:12,30.374596,130.960035,181.94,23.50,176.96,1.00,1.00,1
2026-03-06 13:41:12,30.374596,130.960035,184.81,23.50,176.96,1.00,1.00,1
2026-03-06 13:41:12,30.374595,130.960035,188.06,23.38,176.94,1.00,0.00,1
2026-03-06 13:41:12,30.374595,130.960035,182.00,23.38,176.94,1.00,1.00,1
2026-03-06 13:41:12,30.374595,130.960035,183.88,23.38,176.94,1.00,1.00,1
2026-03-06 13:41:13,30.374595,130.960035,185.62,23.38,176.94,1.00,1.00,1
2026-03-06 13:41:13,30.374595,130.960035,184.94,23.38,176.94,1.00,1.00,1
2026-03-06 13:41:13,30.374595,130.960035,188.75,23.38,176.94,1.00,0.00,1
2026-03-06 13:41:13,30.374595,130.960035,184.06,23.38,176.94,1.00,1.00,1
2026-03-06 13:41:13,30.374595,130.960035,184.38,23.38,176.94,1.00,1.00,1
2026-03-06 13:41:14,30.374593,130.960035,186.38,23.16,176.91,1.00,1.00,1
2026-03-06 13:41:14,30.374593,130.960035,189.19,23.16,176.91,1.00,0.00,1
2026-03-06 13:41:14,30.374593,130.960035,180.19,23.16,176.91,1.00,1.00,1
2026-03-06 13:41:14,30.374593,130.960035,181.62,23.16,176.91,1.00,1.00,1
2026-03-06 13:41:15,30.374591,130.960035,185.50,22.94,176.88,1.00,1.00,1
2026-03-06 13:41:15,30.374591,130.960035,187.44,22.94,176.88,1.00,0.00,1
2026-03-06 13:41:15,30.374591,130.960035,176.69,22.94,176.88,1.00,1.00,1
2026-03-06 13:41:15,30.374591,130.960035,177.31,22.94,176.88,1.00,1.00,1
2026-03-06 13:41:16,30.374591,130.960035,179.44,22.94,176.88,1.00,1.00,1
2026-03-06 13:41:16,30.374591,130.960035,178.94,22.94,176.88,1.00,1.00,1
2026-03-06 13:41:16,30.374591,130.960035,180.75,22.94,176.88,1.00,1.00,1
2026-03-06 13:41:16,30.374591,130.960035,187.25,22.94,176.88,1.00,0.00,1
2026-03-06 13:41:16,30.374591,130.960035,184.12,22.94,176.88,1.00,1.00,1
2026-03-06 13:41:17,30.37459,130.960035,185.81,22.83,176.87,1.00,1.00,1
2026-03-06 13:41:17,30.37459,130.960035,187.44,22.83,176.87,1.00,0.00,1
2026-03-06 13:41:17,30.37459,130.960035,175.25,22.83,176.87,1.00,1.00,1
2026-03-06 13:41:17,30.37459,130.960035,171.50,22.83,176.87,1.00,1.00,1
2026-03-06 13:41:18,30.37459,130.960035,170.38,22.83,176.87,1.00,1.00,1
2026-03-06 13:41:18,30.37459,130.960035,170.19,22.83,176.87,1.00,1.00,1
2026-03-06 13:41:18,30.37459,130.960035,173.81,22.83,176.87,1.00,1.00,1
2026-03-06 13:41:18,30.37459,130.960035,177.00,22.83,176.87,1.00,1.00,1
2026-03-06 13:41:19,30.37459,130.960035,182.69,22.83,176.87,1.00,1.00,1
2026-03-06 13:41:19,30.374588,130.960035,184.81,22.61,176.84,1.00,1.00,1
2026-03-06 13:41:19,30.374588,130.960035,186.19,22.61,176.84,1.00,1.00,1
2026-03-06 13:41:19,30.374588,130.960035,188.19,22.61,176.84,1.00,0.00,1
2026-03-06 13:41:19,30.374588,130.960035,180.62,22.61,176.84,1.00,1.00,1
2026-03-06 13:41:20,30.374586,130.960036,179.81,22.38,177.05,1.00,1.00,1
2026-03-06 13:41:20,30.374586,130.960036,181.88,22.38,177.05,1.00,1.00,1
2026-03-06 13:41:20,30.374586,130.960036,186.81,22.38,177.05,1.00,1.00,1
2026-03-06 13:41:20,30.374586,130.960036,191.00,22.38,177.05,1.00,0.00,1
2026-03-06 13:41:21,30.374586,130.960036,183.81,22.38,177.05,1.00,1.00,1
2026-03-06 13:41:21,30.374586,130.960036,183.56,22.38,177.05,1.00,1.00,1
2026-03-06 13:41:21,30.374586,130.960036,184.31,22.38,177.05,1.00,1.00,1
2026-03-06 13:41:21,30.374586,130.960036,185.19,22.38,177.05,1.00,1.00,1
2026-03-06 13:41:22,30.374585,130.960036,186.31,22.27,177.04,1.00,1.00,1
2026-03-06 13:41:22,30.374585,130.960036,188.50,22.27,177.04,1.00,0.00,1
2026-03-06 13:41:22,30.374585,130.960036,177.88,22.27,177.04,1.00,1.00,1
2026-03-06 13:41:22,30.374585,130.960036,178.81,22.27,177.04,1.00,1.00,1
2026-03-06 13:41:23,30.374585,130.960036,180.88,22.27,177.04,1.00,1.00,1
2026-03-06 13:41:23,30.374585,130.960036,181.31,22.27,177.04,1.00,1.00,1
2026-03-06 13:41:23,30.374585,130.960036,181.31,22.27,177.04,1.00,1.00,1
2026-03-06 13:41:23,30.374585,130.960036,179.69,22.27,177.04,1.00,1.00,1
2026-03-06 13:41:24,30.374585,130.960036,183.81,22.27,177.04,1.00,1.00,1
2026-03-06 13:41:24,30.374583,130.960036,185.31,22.05,177.01,1.00,1.00,1
2026-03-06 13:41:24,30.374583,130.960036,187.69,22.05,177.01,1.00,0.00,1
2026-03-06 13:41:24,30.374583,130.960036,178.75,22.05,177.01,1.00,1.00,1
2026-03-06 13:41:24,30.374583,130.960036,178.12,22.05,177.01,1.00,1.00,1
2026-03-06 13:41:25,30.374583,130.960038,180.31,22.04,177.51,1.00,1.00,1
2026-03-06 13:41:25,30.374583,130.960038,182.69,22.04,177.51,1.00,1.00,1
2026-03-06 13:41:25,30.374583,130.960038,183.69,22.04,177.51,1.00,1.00,1
2026-03-06 13:41:25,30.374583,130.960038,188.19,22.04,177.51,1.00,0.00,1
2026-03-06 13:41:26,30.374581,130.960038,184.88,21.82,177.48,1.00,1.00,1
2026-03-06 13:41:26,30.374581,130.960038,185.94,21.82,177.48,1.00,1.00,1
2026-03-06 13:41:26,30.374581,130.960038,186.31,21.82,177.48,1.00,1.00,1
2026-03-06 13:41:26,30.374581,130.960038,189.00,21.82,177.48,1.00,0.00,1
2026-03-06 13:41:27,30.374581,130.960038,183.38,21.82,177.48,1.00,1.00,1
2026-03-06 13:41:27,30.374576,130.960036,181.94,21.27,176.90,1.00,1.00,1
2026-03-06 13:41:27,30.374576,130.960036,183.69,21.27,176.90,1.00,1.00,1
2026-03-06 13:41:27,30.374576,130.960036,184.38,21.27,176.90,1.00,1.00,1
2026-03-06 13:41:27,30.374576,130.960036,186.00,21.27,176.90,1.00,1.00,1
2026-03-06 13:41:28,30.374575,130.960038,190.50,21.15,177.40,1.00,0.00,1
2026-03-06 13:41:28,30.374575,130.960038,183.31,21.15,177.40,1.00,1.00,1
2026-03-06 13:41:28,30.374575,130.960038,181.50,21.15,177.40,1.00,1.00,1
2026-03-06 13:41:28,30.374575,130.960038,182.44,21.15,177.40,1.00,1.00,1
2026-03-06 13:41:29,30.374575,130.960038,183.44,21.15,177.40,1.00,1.00,1
2026-03-06 13:41:29,30.374573,130.960038,186.44,20.93,177.37,1.00,1.00,1
2026-03-06 13:41:29,30.374573,130.960038,188.75,20.93,177.37,1.00,0.00,1
2026-03-06 13:41:29,30.374573,130.960038,178.88,20.93,177.37,1.00,1.00,1
2026-03-06 13:41:29,30.374573,130.960038,179.62,20.93,177.37,1.00,1.00,1
2026-03-06 13:41:30,30.374573,130.96004,181.31,20.92,177.90,1.00,1.00,1
2026-03-06 13:41:30,30.374573,130.96004,181.94,20.92,177.90,1.00,1.00,1
2026-03-06 13:41:30,30.374573,130.96004,183.00,20.92,177.90,1.00,1.00,1
2026-03-06 13:41:30,30.374573,130.96004,185.94,20.92,177.90,1.00,1.00,1
2026-03-06 13:41:31,30.374573,130.96004,188.06,20.92,177.90,1.00,0.00,1
2026-03-06 13:41:31,30.374571,130.96004,185.81,20.70,177.87,1.00,1.00,1
2026-03-06 13:41:31,30.374571,130.96004,188.12,20.70,177.87,1.00,0.00,1
2026-03-06 13:41:31,30.374571,130.96004,183.12,20.70,177.87,1.00,1.00,1
2026-03-06 13:41:31,30.374571,130.96004,182.00,20.70,177.87,1.00,1.00,1
2026-03-06 13:41:32,30.374571,130.960041,185.06,20.69,178.14,1.00,1.00,1
2026-03-06 13:41:32,30.374571,130.960041,185.81,20.69,178.14,1.00,1.00,1
2026-03-06 13:41:32,30.374571,130.960041,186.62,20.69,178.14,1.00,1.00,1
2026-03-06 13:41:32,30.374571,130.960041,187.75,20.69,178.14,1.00,1.00,1
2026-03-06 13:41:33,30.374568,130.960043,188.94,20.35,178.65,1.00,0.00,1
2026-03-06 13:41:33,30.374568,130.960043,185.69,20.35,178.65,1.00,1.00,1
2026-03-06 13:41:33,30.374568,130.960043,186.50,20.35,178.65,1.00,1.00,1
2026-03-06 13:41:33,30.374568,130.960043,189.44,20.35,178.65,1.00,0.00,1
2026-03-06 13:41:34,30.374566,130.960043,185.31,20.13,178.63,1.00,1.00,1
2026-03-06 13:41:34,30.374566,130.960043,187.81,20.13,178.63,1.00,1.00,1
2026-03-06 13:41:34,30.374566,130.960043,189.12,20.13,178.63,1.00,0.00,1
2026-03-06 13:41:34,30.374566,130.960043,181.88,20.13,178.63,1.00,1.00,1
2026-03-06 13:41:35,30.374565,130.960045,183.06,20.02,179.18,1.00,1.00,1
2026-03-06 13:41:35,30.374565,130.960045,187.50,20.02,179.18,1.00,1.00,1
2026-03-06 13:41:35,30.374565,130.960045,192.00,20.02,179.18,1.00,0.00,1
2026-03-06 13:41:35,30.374565,130.960045,185.62,20.02,179.18,1.00,1.00,1
2026-03-06 13:41:36,30.374563,130.960045,183.12,19.79,179.17,1.00,1.00,1
2026-03-06 13:41:36,30.374563,130.960045,188.00,19.79,179.17,1.00,1.00,1
2026-03-06 13:41:36,30.374563,130.960045,190.94,19.79,179.17,1.00,0.00,1
2026-03-06 13:41:36,30.374563,130.960045,184.56,19.79,179.17,1.00,1.00,1
2026-03-06 13:41:37,30.374561,130.960046,186.44,19.57,179.44,1.00,1.00,1
2026-03-06 13:41:37,30.374561,130.960046,188.50,19.57,179.44,1.00,1.00,1
2026-03-06 13:41:37,30.374561,130.960046,188.75,19.57,179.44,1.00,1.00,1
2026-03-06 13:41:37,30.374561,130.960046,191.38,19.57,179.44,1.00,0.00,1
2026-03-06 13:41:38,30.37456,130.960048,183.62,19.46,180.00,1.00,1.00,1
2026-03-06 13:41:38,30.37456,130.960048,182.62,19.46,180.00,1.00,1.00,1
2026-03-06 13:41:38,30.37456,130.960048,185.06,19.46,180.00,1.00,1.00,1
2026-03-06 13:41:38,30.37456,130.960048,186.25,19.46,180.00,1.00,1.00,1
2026-03-06 13:41:39,30.374558,130.960048,185.94,19.24,180.00,1.00,1.00,1
2026-03-06 13:41:39,30.374558,130.960048,189.69,19.24,180.00,1.00,1.00,1
2026-03-06 13:41:39,30.374558,130.960048,192.56,19.24,180.00,1.00,0.00,1
2026-03-06 13:41:39,30.374558,130.960048,184.56,19.24,180.00,1.00,1.00,1
2026-03-06 13:41:40,30.374556,130.960048,186.38,19.01,180.00,1.00,1.00,1
2026-03-06 13:41:40,30.374556,130.960048,192.50,19.01,180.00,1.00,0.00,1
2026-03-06 13:41:40,30.374556,130.960048,185.19,19.01,180.00,1.00,1.00,1
2026-03-06 13:41:40,30.374556,130.960048,186.12,19.01,180.00,1.00,1.00,1
2026-03-06 13:41:41,30.374555,130.960048,188.19,18.90,180.00,1.00,1.00,1
2026-03-06 13:41:41,30.374555,130.960048,191.25,18.90,180.00,1.00,0.00,1
2026-03-06 13:41:41,30.374555,130.960048,185.44,18.90,180.00,1.00,1.00,1
2026-03-06 13:41:41,30.374555,130.960048,184.94,18.90,180.00,1.00,1.00,1
2026-03-06 13:41:42,30.374553,130.96005,189.44,18.68,180.59,1.00,1.00,1
2026-03-06 13:41:42,30.374553,130.96005,192.19,18.68,180.59,1.00,0.00,1
2026-03-06 13:41:42,30.374553,130.96005,187.62,18.68,180.59,1.00,1.00,1
2026-03-06 13:41:42,30.374553,130.96005,186.69,18.68,180.59,1.00,1.00,1
2026-03-06 13:41:43,30.374551,130.96005,186.12,18.46,180.60,1.00,1.00,1
2026-03-06 13:41:43,30.374551,130.96005,187.44,18.46,180.60,1.00,1.00,1
2026-03-06 13:41:43,30.374551,130.96005,192.56,18.46,180.60,1.00,0.00,1
2026-03-06 13:41:43,30.374551,130.96005,187.62,18.46,180.60,1.00,1.00,1
2026-03-06 13:41:44,30.374551,130.96005,187.69,18.46,180.60,1.00,1.00,1
2026-03-06 13:41:44,30.37455,130.96005,187.31,18.35,180.60,1.00,1.00,1
2026-03-06 13:41:44,30.37455,130.96005,187.06,18.35,180.60,1.00,1.00,1
2026-03-06 13:41:44,30.37455,130.96005,188.25,18.35,180.60,1.00,1.00,1
2026-03-06 13:41:44,30.37455,130.96005,188.94,18.35,180.60,1.00,1.00,1
2026-03-06 13:41:45,30.374548,130.96005,188.88,18.13,180.61,1.00,1.00,1
2026-03-06 13:41:45,30.374548,130.96005,190.88,18.13,180.61,1.00,0.00,1
2026-03-06 13:41:45,30.374548,130.96005,180.50,18.13,180.61,1.00,1.00,1
2026-03-06 13:41:45,30.374548,130.96005,180.56,18.13,180.61,1.00,1.00,1
2026-03-06 13:41:46,30.374546,130.960051,184.81,17.90,180.92,1.00,1.00,1
2026-03-06 13:41:46,30.374546,130.960051,187.00,17.90,180.92,1.00,1.00,1
2026-03-06 13:41:46,30.374546,130.960051,190.00,17.90,180.92,1.00,1.00,1
2026-03-06 13:41:46,30.374546,130.960051,193.00,17.90,180.92,1.00,0.00,1
2026-03-06 13:41:47,30.374546,130.960051,188.50,17.90,180.92,1.00,1.00,1
2026-03-06 13:41:47,30.374545,130.960051,187.12,17.79,180.93,1.00,1.00,1
2026-03-06 13:41:47,30.374545,130.960051,191.19,17.79,180.93,1.00,0.00,1
2026-03-06 13:41:47,30.374545,130.960051,184.81,17.79,180.93,1.00,1.00,1
2026-03-06 13:41:47,30.374545,130.960051,184.00,17.79,180.93,1.00,1.00,1
2026-03-06 13:41:48,30.374543,130.96005,191.50,17.57,180.63,1.00,0.00,1
2026-03-06 13:41:48,30.374543,130.96005,181.62,17.57,180.63,1.00,1.00,1
2026-03-06 13:41:48,30.374543,130.96005,181.50,17.57,180.63,1.00,1.00,1
2026-03-06 13:41:48,30.374543,130.96005,183.00,17.57,180.63,1.00,1.00,1
2026-03-06 13:41:49,30.37454,130.96005,182.50,17.24,180.64,1.00,1.00,1
2026-03-06 13:41:49,30.37454,130.96005,184.88,17.24,180.64,1.00,1.00,1
2026-03-06 13:41:49,30.37454,130.96005,186.81,17.24,180.64,1.00,1.00,1
2026-03-06 13:41:49,30.37454,130.96005,189.38,17.24,180.64,1.00,1.00,1
2026-03-06 13:41:50,30.374538,130.96005,193.19,17.01,180.65,1.00,0.00,1
2026-03-06 13:41:50,30.374538,130.96005,183.38,17.01,180.65,1.00,1.00,1
2026-03-06 13:41:50,30.374538,130.96005,184.94,17.01,180.65,1.00,1.00,1
2026-03-06 13:41:50,30.374538,130.96005,186.31,17.01,180.65,1.00,1.00,1
2026-03-06 13:41:51,30.374536,130.960051,189.12,16.79,180.98,1.00,1.00,1
2026-03-06 13:41:51,30.374536,130.960051,190.50,16.79,180.98,1.00,1.00,1
2026-03-06 13:41:51,30.374536,130.960051,193.94,16.79,180.98,1.00,0.00,1
2026-03-06 13:41:51,30.374536,130.960051,189.81,16.79,180.98,1.00,1.00,1
2026-03-06 13:41:52,30.374535,130.960051,191.94,16.68,180.99,1.00,0.00,1
2026-03-06 13:41:52,30.374535,130.960051,182.12,16.68,180.99,1.00,1.00,1
2026-03-06 13:41:52,30.374535,130.960051,180.62,16.68,180.99,1.00,1.00,1
2026-03-06 13:41:52,30.374535,130.960051,182.62,16.68,180.99,1.00,1.00,1
2026-03-06 13:41:53,30.374533,130.960051,186.88,16.46,181.00,1.00,1.00,1
2026-03-06 13:41:53,30.374533,130.960051,190.81,16.46,181.00,1.00,1.00,1
2026-03-06 13:41:53,30.374533,130.960051,191.88,16.46,181.00,1.00,0.00,1
2026-03-06 13:41:53,30.374533,130.960051,184.25,16.46,181.00,1.00,1.00,1
2026-03-06 13:41:54,30.374531,130.960053,181.81,16.24,181.69,1.00,1.00,1
2026-03-06 13:41:54,30.374531,130.960053,183.56,16.24,181.69,1.00,1.00,1
2026-03-06 13:41:54,30.374531,130.960053,186.56,16.24,181.69,1.00,1.00,1
2026-03-06 13:41:54,30.374531,130.960053,192.62,16.24,181.69,1.00,0.00,1
2026-03-06 13:41:55,30.374531,130.960053,190.62,16.24,181.69,1.00,1.00,1
2026-03-06 13:41:55,30.37453,130.960053,191.50,16.13,181.70,1.00,1.00,1
2026-03-06 13:41:55,30.37453,130.960053,193.88,16.13,181.70,1.00,0.00,1
2026-03-06 13:41:55,30.37453,130.960053,184.00,16.13,181.70,1.00,1.00,1
2026-03-06 13:41:55,30.37453,130.960053,182.25,16.13,181.70,1.00,1.00,1
2026-03-06 13:41:56,30.374528,130.960055,181.25,15.92,182.42,1.00,1.00,1
2026-03-06 13:41:56,30.374528,130.960055,291.81,15.92,182.42,1.00,0.00,1
2026-03-06 13:41:56,30.374528,130.960055,283.25,15.92,182.42,1.00,0.00,1
2026-03-06 13:41:56,30.374528,130.960055,165.94,15.92,182.42,0.00,1.00,1
2026-03-06 13:41:57,30.374526,130.960055,175.56,15.69,182.45,1.00,1.00,1
2026-03-06 13:41:57,30.374526,130.960055,180.44,15.69,182.45,1.00,1.00,1
2026-03-06 13:41:57,30.374526,130.960055,184.25,15.69,182.45,1.00,1.00,1
2026-03-06 13:41:57,30.374526,130.960055,187.00,15.69,182.45,1.00,1.00,1
2026-03-06 13:41:58,30.374525,130.960055,186.25,15.58,182.47,1.00,1.00,1
2026-03-06 13:41:58,30.374525,130.960055,184.94,15.58,182.47,1.00,1.00,1
2026-03-06 13:41:58,30.374525,130.960055,184.56,15.58,182.47,1.00,1.00,1
2026-03-06 13:41:58,30.374525,130.960055,187.12,15.58,182.47,1.00,1.00,1
2026-03-06 13:41:59,30.374525,130.960055,190.25,15.58,182.47,1.00,1.00,1
2026-03-06 13:41:59,30.374523,130.960056,192.69,15.36,182.86,1.00,1.00,1
2026-03-06 13:41:59,30.374523,130.960056,197.75,15.36,182.86,1.00,0.00,1
2026-03-06 13:41:59,30.374523,130.960056,191.56,15.36,182.86,1.00,1.00,1
2026-03-06 13:41:59,30.374523,130.960056,191.00,15.36,182.86,1.00,1.00,1
2026-03-06 13:42:00,30.374521,130.960056,192.62,15.14,182.91,1.00,1.00,1
2026-03-06 13:42:00,30.374521,130.960056,194.94,15.14,182.91,1.00,0.00,1
2026-03-06 13:42:00,30.374521,130.960056,188.75,15.14,182.91,1.00,1.00,1
2026-03-06 13:42:00,30.374521,130.960056,191.38,15.14,182.91,1.00,1.00,1
2026-03-06 13:42:01,30.37452,130.960058,197.00,15.04,183.66,1.00,0.00,1
2026-03-06 13:42:01,30.37452,130.960058,188.44,15.04,183.66,1.00,1.00,1
2026-03-06 13:42:01,30.37452,130.960058,191.94,15.04,183.66,1.00,1.00,1
2026-03-06 13:42:01,30.37452,130.960058,192.31,15.04,183.66,1.00,1.00,1
2026-03-06 13:42:02,30.374518,130.960058,193.19,14.82,183.71,1.00,1.00,1
2026-03-06 13:42:02,30.374518,130.960058,193.50,14.82,183.71,1.00,1.00,1
2026-03-06 13:42:02,30.374518,130.960058,198.75,14.82,183.71,1.00,0.00,1
2026-03-06 13:42:02,30.374518,130.960058,193.69,14.82,183.71,1.00,1.00,1
2026-03-06 13:42:03,30.374516,130.960058,196.06,14.60,183.77,1.00,0.00,1
2026-03-06 13:42:03,30.374516,130.960058,190.62,14.60,183.77,1.00,1.00,1
2026-03-06 13:42:03,30.374516,130.960058,191.62,14.60,183.77,1.00,1.00,1
2026-03-06 13:42:03,30.374516,130.960058,193.12,14.60,183.77,1.00,1.00,1
2026-03-06 13:42:04,30.374516,130.960058,194.88,14.60,183.77,1.00,0.00,1
2026-03-06 13:42:04,30.374515,130.96006,188.94,14.50,184.55,1.00,1.00,1
2026-03-06 13:42:04,30.374515,130.96006,192.62,14.50,184.55,1.00,1.00,1
2026-03-06 13:42:04,30.374515,130.96006,196.62,14.50,184.55,1.00,0.00,1
2026-03-06 13:42:04,30.374515,130.96006,188.12,14.50,184.55,1.00,1.00,1
2026-03-06 13:42:05,30.374513,130.96006,188.12,14.28,184.62,1.00,1.00,1
2026-03-06 13:42:05,30.374513,130.96006,187.50,14.28,184.62,1.00,1.00,1
2026-03-06 13:42:05,30.374513,130.96006,184.62,14.28,184.62,1.00,1.00,1
2026-03-06 13:42:05,30.374513,130.96006,186.25,14.28,184.62,1.00,1.00,1
2026-03-06 13:42:06,30.374511,130.96006,189.81,14.06,184.70,1.00,1.00,1
2026-03-06 13:42:06,30.374511,130.96006,193.12,14.06,184.70,1.00,1.00,1
2026-03-06 13:42:06,30.374511,130.96006,193.56,14.06,184.70,1.00,1.00,1
2026-03-06 13:42:06,30.374511,130.96006,199.50,14.06,184.70,1.00,0.00,1
2026-03-06 13:42:07,30.37451,130.960061,190.38,13.96,185.13,1.00,1.00,1
2026-03-06 13:42:07,30.37451,130.960061,189.50,13.96,185.13,1.00,1.00,1
2026-03-06 13:42:07,30.37451,130.960061,190.50,13.96,185.13,1.00,1.00,1
2026-03-06 13:42:07,30.37451,130.960061,194.44,13.96,185.13,1.00,1.00,1
2026-03-06 13:42:08,30.37451,130.960061,198.31,13.96,185.13,1.00,0.00,1
2026-03-06 13:42:08,30.374508,130.960061,192.44,13.73,185.21,1.00,1.00,1
2026-03-06 13:42:08,30.374508,130.960061,192.31,13.73,185.21,1.00,1.00,1
2026-03-06 13:42:08,30.374508,130.960061,193.69,13.73,185.21,1.00,1.00,1
2026-03-06 13:42:08,30.374508,130.960061,194.50,13.73,185.21,1.00,1.00,1
2026-03-06 13:42:09,30.374506,130.960061,194.25,13.51,185.30,1.00,1.00,1
2026-03-06 13:42:09,30.374506,130.960061,194.62,13.51,185.30,1.00,1.00,1
2026-03-06 13:42:09,30.374506,130.960061,197.88,13.51,185.30,1.00,0.00,1
2026-03-06 13:42:09,30.374506,130.960061,195.69,13.51,185.30,1.00,0.00,1
2026-03-06 13:42:10,30.374506,130.960063,184.62,13.53,186.10,1.00,1.00,1
2026-03-06 13:42:10,30.374506,130.960063,186.94,13.53,186.10,1.00,1.00,1
2026-03-06 13:42:10,30.374506,130.960063,188.62,13.53,186.10,1.00,1.00,1
2026-03-06 13:42:10,30.374506,130.960063,191.81,13.53,186.10,1.00,1.00,1
2026-03-06 13:42:11,30.374505,130.960063,194.62,13.42,186.16,1.00,1.00,1
2026-03-06 13:42:11,30.374505,130.960063,197.69,13.42,186.16,1.00,0.00,1
2026-03-06 13:42:11,30.374505,130.960063,185.88,13.42,186.16,1.00,1.00,1
2026-03-06 13:42:11,30.374505,130.960063,185.44,13.42,186.16,1.00,1.00,1
2026-03-06 13:42:12,30.374501,130.960063,183.31,12.98,186.37,1.00,1.00,1
2026-03-06 13:42:12,30.374501,130.960063,184.31,12.98,186.37,1.00,1.00,1
2026-03-06 13:42:12,30.374501,130.960063,187.75,12.98,186.37,1.00,1.00,1
2026-03-06 13:42:12,30.374501,130.960063,190.00,12.98,186.37,1.00,1.00,1
2026-03-06 13:42:13,30.3745,130.960065,193.81,12.89,187.27,1.00,1.00,1
2026-03-06 13:42:13,30.3745,130.960065,199.94,12.89,187.27,1.00,0.00,1
2026-03-06 13:42:13,30.3745,130.960065,193.75,12.89,187.27,1.00,1.00,1
2026-03-06 13:42:13,30.3745,130.960065,193.44,12.89,187.27,1.00,1.00,1
2026-03-06 13:42:14,30.3745,130.960065,196.12,12.89,187.27,1.00,1.00,1
2026-03-06 13:42:14,30.3745,130.960065,196.12,12.89,187.27,1.00,1.00,1
2026-03-06 13:42:14,30.3745,130.960065,197.12,12.89,187.27,1.00,1.00,1
2026-03-06 13:42:14,30.3745,130.960065,200.06,12.89,187.27,1.00,0.00,1
2026-03-06 13:42:15,30.374498,130.960065,193.56,12.67,187.40,1.00,1.00,1
2026-03-06 13:42:15,30.374498,130.960065,194.00,12.67,187.40,1.00,1.00,1
2026-03-06 13:42:15,30.374498,130.960065,195.69,12.67,187.40,1.00,1.00,1
2026-03-06 13:42:15,30.374498,130.960065,197.81,12.67,187.40,1.00,0.00,1
2026-03-06 13:42:16,30.374496,130.960066,187.12,12.46,187.96,1.00,1.00,1
2026-03-06 13:42:16,30.374496,130.960066,187.06,12.46,187.96,1.00,1.00,1
2026-03-06 13:42:16,30.374496,130.960066,189.38,12.46,187.96,1.00,1.00,1
2026-03-06 13:42:16,30.374496,130.960066,194.31,12.46,187.96,1.00,1.00,1
2026-03-06 13:42:17,30.374495,130.960066,199.19,12.35,188.04,1.00,0.00,1
2026-03-06 13:42:17,30.374495,130.960066,190.75,12.35,188.04,1.00,1.00,1
2026-03-06 13:42:17,30.374495,130.960066,188.38,12.35,188.04,1.00,1.00,1
2026-03-06 13:42:17,30.374495,130.960066,189.81,12.35,188.04,1.00,1.00,1
2026-03-06 13:42:18,30.374495,130.960066,189.06,12.35,188.04,1.00,1.00,1
2026-03-06 13:42:18,30.374493,130.960066,190.31,12.13,188.18,1.00,1.00,1
2026-03-06 13:42:18,30.374493,130.960066,192.56,12.13,188.18,1.00,1.00,1
2026-03-06 13:42:18,30.374493,130.960066,195.31,12.13,188.18,1.00,1.00,1
2026-03-06 13:42:18,30.374493,130.960066,198.31,12.13,188.18,1.00,0.00,1
2026-03-06 13:42:19,30.374491,130.960066,191.38,11.91,188.33,1.00,1.00,1
2026-03-06 13:42:19,30.374491,130.960066,189.06,11.91,188.33,1.00,1.00,1
2026-03-06 13:42:19,30.374491,130.960066,189.88,11.91,188.33,1.00,1.00,1
2026-03-06 13:42:19,30.374491,130.960066,188.81,11.91,188.33,1.00,1.00,1
2026-03-06 13:42:20,30.37449,130.960066,187.75,11.80,188.41,1.00,1.00,1
2026-03-06 13:42:20,30.37449,130.960066,191.06,11.80,188.41,1.00,1.00,1
2026-03-06 13:42:20,30.37449,130.960066,193.38,11.80,188.41,1.00,1.00,1
2026-03-06 13:42:20,30.37449,130.960066,196.44,11.80,188.41,1.00,1.00,1
2026-03-06 13:42:21,30.374488,130.960068,197.19,11.61,189.51,1.00,1.00,1
2026-03-06 13:42:21,30.374488,130.960068,196.81,11.61,189.51,1.00,1.00,1
2026-03-06 13:42:21,30.374488,130.960068,195.88,11.61,189.51,1.00,1.00,1
2026-03-06 13:42:21,30.374488,130.960068,200.56,11.61,189.51,1.00,0.00,1
2026-03-06 13:42:22,30.374488,130.960068,190.75,11.61,189.51,1.00,1.00,1
2026-03-06 13:42:22,30.374488,130.960068,189.31,11.61,189.51,1.00,1.00,1
2026-03-06 13:42:22,30.374488,130.960068,191.88,11.61,189.51,1.00,1.00,1
2026-03-06 13:42:22,30.374488,130.960068,195.50,11.61,189.51,1.00,1.00,1
2026-03-06 13:42:23,30.374485,130.960068,200.06,11.28,189.79,1.00,0.00,1
2026-03-06 13:42:23,30.374485,130.960068,191.06,11.28,189.79,1.00,1.00,1
2026-03-06 13:42:23,30.374485,130.960068,189.81,11.28,189.79,1.00,1.00,1
2026-03-06 13:42:23,30.374485,130.960068,188.12,11.28,189.79,1.00,1.00,1
2026-03-06 13:42:24,30.374485,130.960068,190.81,11.28,189.79,1.00,1.00,1
2026-03-06 13:42:24,30.374485,130.960068,193.56,11.28,189.79,1.00,1.00,1
2026-03-06 13:42:24,30.374485,130.960068,195.25,11.28,189.79,1.00,1.00,1
2026-03-06 13:42:24,30.374485,130.960068,198.88,11.28,189.79,1.00,1.00,1
2026-03-06 13:42:24,30.374485,130.960068,198.88,11.28,189.79,1.00,1.00,1
2026-03-06 13:42:25,30.374483,130.960068,201.44,11.06,189.99,1.00,0.00,1
2026-03-06 13:42:25,30.374483,130.960068,192.38,11.06,189.99,1.00,1.00,1
2026-03-06 13:42:25,30.374483,130.960068,191.75,11.06,189.99,1.00,1.00,1
2026-03-06 13:42:25,30.374483,130.960068,193.31,11.06,189.99,1.00,1.00,1
2026-03-06 13:42:26,30.374481,130.960068,196.00,10.85,190.19,1.00,1.00,1
2026-03-06 13:42:26,30.374481,130.960068,196.88,10.85,190.19,1.00,1.00,1
2026-03-06 13:42:26,30.374481,130.960068,197.62,10.85,190.19,1.00,1.00,1
2026-03-06 13:42:26,30.374481,130.960068,197.81,10.85,190.19,1.00,1.00,1
2026-03-06 13:42:27,30.374481,130.960068,196.56,10.85,190.19,1.00,1.00,1
2026-03-06 13:42:27,30.37448,130.960068,198.56,10.74,190.29,1.00,1.00,1
2026-03-06 13:42:27,30.37448,130.960068,202.31,10.74,190.29,1.00,0.00,1
2026-03-06 13:42:27,30.37448,130.960068,198.62,10.74,190.29,1.00,1.00,1
2026-03-06 13:42:27,30.37448,130.960068,199.00,10.74,190.29,1.00,1.00,1
2026-03-06 13:42:28,30.374478,130.96007,199.56,10.55,191.54,1.00,1.00,1
2026-03-06 13:42:28,30.374478,130.96007,204.56,10.55,191.54,1.00,0.00,1
